open_timestamp_utc,close_timestamp_utc,open,high,low,close,volume
1555671600,1555675199,173.1,173.7,172.83,173.06,2481.96
1555675200,1555678799,173.01,173.75,172.13,172.43,2459.17
1555678800,1555682399,172.43,172.79,172.29,172.52,1261.24
1555682400,1555685999,172.52,172.81,171.51,172.45,2339.15
1555686000,1555689599,172.45,173.8,172.37,172.83,5071.49
1555689600,1555693199,172.84,174.84,172.14,172.59,6467.17
1555693200,1555696799,172.5,172.7,172.09,172.41,3167.02
1555696800,1555700399,172.4,172.88,172.1,172.88,2821.61
1555700400,1555703999,172.88,173.13,172.29,172.95,2707.98
1555704000,1555707599,172.9,173.47,172.34,172.66,2032.31
1555707600,1555711199,172.65,173.05,172.22,172.51,1660.93
1555711200,1555714799,172.52,173.11,172.35,173.11,1451.93
1555714800,1555718399,173.11,174.5,172.96,173.83,3567.7
1555718400,1555721999,173.83,174.3,173.5,173.6,1617.67
1555722000,1555725599,173.59,175.1,173.54,175.05,2309.13
1555725600,1555729199,175.04,175.58,174.21,174.57,5635.51
1555729200,1555732799,174.57,174.75,174.11,174.31,1646.49
1555732800,1555736399,174.3,175.24,173.85,175.05,2529.5
1555736400,1555739999,175.08,175.21,174.49,175.01,1622.25
1555740000,1555743599,175.01,175.35,174.6,174.75,1551.71
1555743600,1555747199,174.76,175.38,174.76,175.11,1283.77
1555747200,1555750799,175.11,177.84,175.11,176.1,5777.69
1555750800,1555754399,176.15,176.17,174.98,174.99,608.94
1555754400,1555757999,174.97,174.97,172.46,173.46,5106.63
1555758000,1555761599,173.56,173.99,173.41,173.43,1382.11
1555761600,1555765199,173.43,174.44,173.43,173.86,1529.93
1555765200,1555768799,173.86,174.02,173.46,173.6,1330.63
1555768800,1555772399,173.6,173.85,172.28,172.85,2629.84
1555772400,1555775999,172.84,173.73,172.3,173.15,3043.18
1555776000,1555779599,173.03,174.0,172.51,173.79,3863.91
1555779600,1555783199,173.79,174.2,173.44,173.46,2951.09
1555783200,1555786799,173.55,174.0,173.29,173.72,2241.86
1555786800,1555790399,173.72,173.84,173.42,173.42,1111.97
1555790400,1555793999,173.46,174.01,172.72,173.05,2826.72
1555794000,1555797599,173.05,173.12,170.87,171.46,7655.66
1555797600,1555801199,171.44,172.71,171.44,172.69,2239.18
1555801200,1555804799,172.64,173.97,172.28,173.73,2793.01
1555804800,1555808399,173.74,174.45,173.34,173.61,2077.09
1555808400,1555811999,173.61,174.13,173.49,173.52,1248.97
1555812000,1555815599,173.52,173.85,173.32,173.62,1052.82
1555815600,1555819199,173.69,173.99,173.46,173.61,2496.65
1555819200,1555822799,173.63,173.82,173.12,173.26,1537.78
1555822800,1555826399,173.27,173.27,172.2,172.6,2761.91
1555826400,1555829999,172.6,172.85,172.05,172.85,1016.49
1555830000,1555833599,172.84,173.0,171.19,171.8,3293.75
1555833600,1555837199,171.8,171.93,168.22,171.1,8094.46
1555837200,1555840799,171.09,171.22,168.07,168.96,13241.05
1555840800,1555844399,169.11,169.73,167.52,168.93,3904.51
1555844400,1555847999,168.93,168.97,167.97,168.1,2542.13
1555848000,1555851599,168.17,168.29,166.33,168.1,5804.57
1555851600,1555855199,168.12,169.36,168.12,168.93,2544.6
1555855200,1555858799,168.92,168.92,167.9,168.7,3544.22
1555858800,1555862399,168.68,169.33,168.35,169.26,2082.87
1555862400,1555865999,169.27,169.27,168.47,168.6,1611.08
1555866000,1555869599,168.57,168.77,168.09,168.4,1312.69
1555869600,1555873199,168.39,168.5,167.48,168.0,1572.35
1555873200,1555876799,167.99,168.74,167.76,168.5,2250.71
1555876800,1555880399,168.29,168.85,168.0,168.0,1138.26
1555880400,1555883999,167.97,169.39,167.96,169.07,1447.36
1555884000,1555887599,169.08,170.51,168.72,169.94,3750.39
1555887600,1555891199,169.94,170.63,169.25,169.9,1917.21
1555891200,1555894799,169.89,170.8,169.74,170.2,1604.84
1555894800,1555898399,170.21,170.61,169.0,169.43,1597.66
1555898400,1555901999,169.43,169.93,168.59,168.97,4411.88
1555902000,1555905599,168.93,169.4,168.21,168.23,2798.78
1555905600,1555909199,168.23,169.6,168.23,169.48,1980.95
1555909200,1555912799,169.48,170.23,169.34,169.6,1548.23
1555912800,1555916399,169.61,170.53,169.59,170.34,1236.58
1555916400,1555919999,170.39,171.04,170.07,170.07,755.12
1555920000,1555923599,170.08,170.7,169.9,169.9,1347.42
1555923600,1555927199,169.9,171.53,169.11,171.53,1853.84
1555927200,1555930799,171.53,172.37,170.84,172.05,1851.76
1555930800,1555934399,172.08,172.33,171.42,171.62,1131.63
1555934400,1555937999,171.6,172.1,171.19,171.29,1749.91
1555938000,1555941599,171.29,171.42,170.93,170.93,1083.51
1555941600,1555945199,170.94,171.73,170.85,171.56,1377.08
1555945200,1555948799,171.53,173.65,170.45,170.88,10926.69
1555948800,1555952399,170.93,171.0,168.49,169.7,8735.82
1555952400,1555955999,169.69,172.21,169.61,171.95,4705.73
1555956000,1555959599,171.99,173.16,171.12,172.68,9097.81
1555959600,1555963199,172.67,173.43,171.16,172.44,6803.75
1555963200,1555966799,172.44,172.62,171.46,171.76,3869.25
1555966800,1555970399,171.76,172.51,171.37,172.02,2579.54
1555970400,1555973999,172.01,172.71,171.97,172.53,1745.94
1555974000,1555977599,172.36,172.44,171.06,171.58,4467.56
1555977600,1555981199,171.59,171.65,170.43,171.21,2424.92
1555981200,1555984799,171.22,171.48,171.06,171.3,1420.18
1555984800,1555988399,171.3,172.25,171.29,172.0,5633.9
1555988400,1555991999,172.0,172.98,171.99,172.19,4095.03
1555992000,1555995599,172.23,175.98,171.8,173.71,16799.11
1555995600,1555999199,173.83,174.87,173.5,174.44,2823.54
1555999200,1556002799,174.29,175.16,173.43,174.91,4131.18
1556002800,1556006399,174.91,176.26,174.88,175.61,2250.7
1556006400,1556009999,175.61,176.94,175.28,175.46,3292.02
1556010000,1556013599,175.28,175.4,174.17,174.99,2664.61
1556013600,1556017199,174.98,175.31,174.61,175.23,1411.59
1556017200,1556020799,175.18,175.52,174.53,174.61,2947.91
1556020800,1556024399,174.61,175.11,174.3,174.52,4328.19
1556024400,1556027999,174.44,175.19,174.06,174.98,2280.9
1556028000,1556031599,174.94,175.19,174.32,174.69,4383.76
1556031600,1556035199,174.68,174.74,173.29,173.72,6299.51
1556035200,1556038799,173.74,174.0,173.27,173.73,2510.64
1556038800,1556042399,173.74,174.69,173.5,173.72,4177.04
1556042400,1556045999,173.8,174.1,173.0,173.7,5660.1
1556046000,1556049599,173.71,173.74,171.88,172.94,5587.86
1556049600,1556053199,172.94,173.01,171.92,172.48,9661.61
1556053200,1556056799,172.67,173.18,172.2,172.92,4379.96
1556056800,1556060399,172.92,173.02,169.01,171.59,18701.84
1556060400,1556063999,171.58,172.04,169.34,170.14,10651.72
1556064000,1556067599,170.21,171.08,169.94,170.69,2831.21
1556067600,1556071199,170.67,170.67,166.93,168.38,19203.14
1556071200,1556074799,168.43,169.58,167.8,169.43,3821.86
1556074800,1556078399,169.43,170.17,169.21,169.58,4757.9
1556078400,1556081999,169.58,170.97,169.05,170.14,7704.93
1556082000,1556085599,170.14,170.4,169.2,170.16,3305.78
1556085600,1556089199,170.19,170.48,169.1,169.45,3219.97
1556089200,1556092799,169.46,169.51,161.83,164.76,22895.27
1556092800,1556096399,164.62,165.9,163.5,165.11,6944.98
1556096400,1556099999,165.07,165.18,164.14,164.21,2542.02
1556100000,1556103599,164.32,165.3,163.34,163.81,2864.89
1556103600,1556107199,163.8,165.36,162.79,164.89,3124.57
1556107200,1556110799,164.89,165.86,164.7,165.06,2603.07
1556110800,1556114399,165.18,165.59,163.86,163.99,2388.21
1556114400,1556117999,163.99,165.04,163.53,164.76,3231.07
1556118000,1556121599,164.76,165.26,164.37,164.65,3754.21
1556121600,1556125199,164.62,164.88,161.66,162.24,12799.67
1556125200,1556128799,162.23,163.2,161.25,161.7,5524.88
1556128800,1556132399,161.68,162.36,160.3,162.36,7393.11
1556132400,1556135999,162.38,163.56,162.23,163.12,4065.27
1556136000,1556139599,163.15,164.42,163.13,164.38,2670.24
1556139600,1556143199,164.38,164.69,163.61,163.73,2741.65
1556143200,1556146799,163.84,165.35,163.61,165.23,2538.3
1556146800,1556150399,165.23,166.04,164.22,165.75,2859.38
1556150400,1556153999,165.54,166.34,165.11,165.78,4535.81
1556154000,1556157599,165.82,165.9,164.8,165.35,4238.8
1556157600,1556161199,165.35,165.56,163.22,163.51,2981.07
1556161200,1556164799,163.55,164.5,163.04,164.1,5120.32
1556164800,1556168399,164.09,164.72,163.95,164.16,1808.84
1556168400,1556171999,164.15,164.37,163.45,164.16,2708.02
1556172000,1556175599,164.15,164.15,162.2,162.7,3757.7
1556175600,1556179199,162.64,163.47,162.27,163.21,1403.19
1556179200,1556182799,163.21,163.42,162.49,162.97,924.72
1556182800,1556186399,162.97,163.1,161.78,162.86,1827.34
1556186400,1556189999,162.97,164.37,162.97,164.05,2822.85
1556190000,1556193599,164.12,164.4,163.46,164.39,1821.72
1556193600,1556197199,164.38,164.4,163.81,164.04,1216.92
1556197200,1556200799,164.0,164.07,163.42,164.07,1090.72
1556200800,1556204399,164.03,164.05,163.41,163.61,1956.66
1556204400,1556207999,163.68,164.49,163.68,164.18,1926.37
1556208000,1556211599,164.18,165.31,164.16,164.78,2584.73
1556211600,1556215199,164.78,165.18,164.29,164.77,2072.78
1556215200,1556218799,164.76,165.14,164.61,164.93,1713.3
1556218800,1556222399,164.94,165.47,164.14,164.62,3240.46
1556222400,1556225999,164.62,165.31,164.15,165.06,3179.24
1556226000,1556229599,165.12,165.3,160.3,160.3,8008.32
1556229600,1556233199,160.29,160.29,146.0,152.91,84161.71
1556233200,1556236799,153.1,153.3,151.03,152.05,15220.33
1556236800,1556240399,152.07,152.11,148.26,150.7,13920.51
1556240400,1556243999,150.8,152.47,150.65,151.98,13465.18
1556244000,1556247599,151.98,156.0,151.23,152.67,12500.31
1556247600,1556251199,152.74,153.97,152.11,152.88,4612.52
1556251200,1556254799,152.86,155.16,152.39,152.41,16202.35
1556254800,1556258399,152.6,153.87,152.36,153.04,4710.76
1556258400,1556261999,153.04,153.48,151.55,152.34,3201.48
1556262000,1556265599,152.35,152.72,151.55,152.3,2879.4
1556265600,1556269199,152.33,153.1,151.69,152.43,1502.4
1556269200,1556272799,152.43,152.72,151.58,151.85,1237.41
1556272800,1556276399,151.97,152.82,151.7,152.17,1782.49
1556276400,1556279999,152.1,152.38,151.3,151.33,1939.22
1556280000,1556283599,151.33,152.71,151.08,152.62,3226.8
1556283600,1556287199,152.59,152.81,152.27,152.38,2356.93
1556287200,1556290799,152.38,153.11,151.63,152.43,11758.39
1556290800,1556294399,152.38,152.51,151.22,151.41,3105.9
1556294400,1556297999,151.4,151.45,149.11,151.36,8167.97
1556298000,1556301599,151.35,152.28,150.88,151.36,3307.45
1556301600,1556305199,151.36,151.79,149.55,150.3,9713.72
1556305200,1556308799,150.36,150.97,150.03,150.04,3923.62
1556308800,1556312399,150.04,151.34,150.04,151.19,4245.56
1556312400,1556315999,151.12,152.66,151.1,152.62,3742.99
1556316000,1556319599,152.61,153.97,152.61,152.78,4657.44
1556319600,1556323199,152.8,153.41,152.39,153.41,2242.28
1556323200,1556326799,153.42,153.94,152.92,152.98,3783.05
1556326800,1556330399,152.98,153.4,152.72,152.95,1401.1
1556330400,1556333999,152.97,153.48,152.6,152.63,2139.82
1556334000,1556337599,152.63,154.23,152.54,153.29,3116.32
1556337600,1556341199,153.29,153.84,152.55,153.71,2413.67
1556341200,1556344799,153.76,154.07,153.41,154.07,1337.44
1556344800,1556348399,154.05,154.1,153.65,154.08,1024.28
1556348400,1556351999,154.04,154.04,153.24,153.93,588.63
1556352000,1556355599,153.95,154.02,152.88,153.01,1125.83
1556355600,1556359199,153.04,153.83,152.9,153.75,662.35
1556359200,1556362799,153.77,154.41,153.64,153.86,1000.01
1556362800,1556366399,153.85,154.1,153.38,153.49,1313.22
1556366400,1556369999,153.48,153.48,152.94,153.07,669.02
1556370000,1556373599,153.06,153.55,152.85,153.54,2891.14
1556373600,1556377199,153.55,154.1,153.49,153.82,2214.42
1556377200,1556380799,153.79,154.5,153.77,153.95,2004.28
1556380800,1556384399,153.95,154.74,153.83,154.74,1783.75
1556384400,1556387999,154.73,157.0,154.52,157.0,6362.8
1556388000,1556391599,157.0,157.41,155.89,156.71,5064.77
1556391600,1556395199,156.82,159.0,156.6,157.53,10915.3
1556395200,1556398799,157.61,157.87,157.0,157.54,4083.89
1556398800,1556402399,157.53,157.95,157.04,157.1,1999.63
1556402400,1556405999,157.14,157.5,156.16,156.3,1326.59
1556406000,1556409599,156.3,156.5,155.05,155.66,1777.59
1556409600,1556413199,155.73,156.23,155.52,155.98,1799.8
1556413200,1556416799,155.97,156.03,155.4,155.79,897.69
1556416800,1556420399,155.79,155.8,154.04,154.85,4672.18
1556420400,1556423999,154.84,155.48,154.79,155.35,1046.98
1556424000,1556427599,155.34,155.75,154.95,154.95,1233.39
1556427600,1556431199,154.94,155.11,154.34,155.04,2060.31
1556431200,1556434799,155.07,155.22,154.49,155.05,1779.9
1556434800,1556438399,155.04,155.53,155.04,155.51,1071.61
1556438400,1556441999,155.54,155.62,155.26,155.54,357.69
1556442000,1556445599,155.62,155.72,155.24,155.42,1154.99
1556445600,1556449199,155.42,155.92,155.15,155.73,1249.34
1556449200,1556452799,155.9,156.21,155.29,156.18,475.42
1556452800,1556456399,156.19,156.19,155.5,155.7,1573.78
1556456400,1556459999,155.7,156.45,153.14,154.24,7806.96
1556460000,1556463599,154.2,154.89,153.9,154.2,3925.47
1556463600,1556467199,154.25,155.36,154.24,154.9,2287.07
1556467200,1556470799,154.91,154.91,154.25,154.26,1842.07
1556470800,1556474399,154.26,154.8,153.96,154.43,1513.38
1556474400,1556477999,154.41,154.55,153.84,154.19,1172.4
1556478000,1556481599,154.18,154.39,152.16,153.82,4638.77
1556481600,1556485199,153.81,154.44,153.48,153.71,2070.85
1556485200,1556488799,153.68,153.76,153.27,153.36,1332.14
1556488800,1556492399,153.36,153.79,152.97,153.48,2711.04
1556492400,1556495999,153.48,153.53,152.95,153.19,1740.56
1556496000,1556499599,153.17,153.94,153.09,153.58,2469.01
1556499600,1556503199,153.59,153.61,153.29,153.57,800.61
1556503200,1556506799,153.61,154.15,153.5,153.93,1885.68
1556506800,1556510399,153.94,154.38,153.93,154.15,2419.78
1556510400,1556513999,154.15,154.63,154.02,154.61,855.9
1556514000,1556517599,154.6,154.69,154.01,154.18,1576.47
1556517600,1556521199,154.19,154.29,154.02,154.16,246.55
1556521200,1556524799,154.17,154.36,153.49,153.6,1207.81
1556524800,1556528399,153.59,153.79,153.4,153.4,1423.77
1556528400,1556531999,153.41,153.64,151.65,153.2,3138.89
1556532000,1556535599,153.13,153.18,150.5,151.62,4342.45
1556535600,1556539199,151.54,152.06,151.31,151.88,2428.39
1556539200,1556542799,151.88,151.96,149.44,150.72,5813.78
1556542800,1556546399,150.72,151.07,148.81,151.07,4489.57
1556546400,1556549999,151.07,151.96,151.06,151.36,3432.68
1556550000,1556553599,151.4,151.87,150.93,151.33,4571.87
1556553600,1556557199,151.45,154.42,151.45,153.47,7077.88
1556557200,1556560799,153.44,154.53,153.38,153.6,3056.88
1556560800,1556564399,153.6,153.6,152.1,153.0,7328.21
1556564400,1556567999,153.01,153.07,152.25,152.67,2020.81
1556568000,1556571599,152.64,152.9,151.75,151.85,1285.28
1556571600,1556575199,151.87,152.28,151.34,152.03,2231.34
1556575200,1556578799,152.03,152.4,151.11,152.13,2314.94
1556578800,1556582399,152.08,153.05,151.82,152.36,1508.48
1556582400,1556585999,152.4,153.24,152.32,152.73,2495.81
1556586000,1556589599,152.73,154.34,152.66,154.29,2982.93
1556589600,1556593199,154.29,155.5,154.11,155.25,5428.35
1556593200,1556596799,155.24,155.79,154.4,154.66,7809.58
1556596800,1556600399,154.66,154.66,153.89,154.03,1998.49
1556600400,1556603999,154.04,154.66,153.97,154.29,984.01
1556604000,1556607599,154.34,154.61,154.22,154.33,775.25
1556607600,1556611199,154.33,155.93,154.33,155.18,3824.05
1556611200,1556614799,155.18,155.73,155.14,155.41,1453.59
1556614800,1556618399,155.42,155.92,154.43,155.57,1871.4
1556618400,1556621999,155.58,157.2,155.58,156.32,5211.53
1556622000,1556625599,156.5,157.38,156.15,157.37,3053.99
1556625600,1556629199,157.31,157.32,156.56,157.02,3610.11
1556629200,1556632799,157.01,158.0,156.45,157.5,6964.46
1556632800,1556636399,157.5,158.3,156.32,156.9,6708.31
1556636400,1556639999,156.9,157.22,156.15,157.19,3609.72
1556640000,1556643599,157.19,157.2,156.32,156.75,2962.68
1556643600,1556647199,156.85,157.25,156.53,156.77,3595.81
1556647200,1556650799,156.78,157.1,156.33,156.65,1935.04
1556650800,1556654399,156.65,156.82,156.01,156.13,2737.28
1556654400,1556657999,156.12,156.91,155.76,156.43,2996.63
1556658000,1556661599,156.3,158.06,156.19,157.61,4748.79
1556661600,1556665199,157.61,161.2,157.56,160.45,15807.43
1556665200,1556668799,160.5,160.62,159.61,160.4,4453.84
1556668800,1556672399,160.39,163.25,160.29,161.59,10307.4
1556672400,1556675999,161.62,162.31,160.7,160.78,4807.42
1556676000,1556679599,160.7,161.56,160.69,161.04,2542.0
1556679600,1556683199,161.06,161.06,160.1,160.53,3279.5
1556683200,1556686799,160.38,160.57,159.07,159.75,3246.05
1556686800,1556690399,159.78,160.08,159.55,159.66,1844.91
1556690400,1556693999,159.67,160.47,159.51,160.46,2544.54
1556694000,1556697599,160.47,160.47,160.08,160.24,742.2
1556697600,1556701199,160.24,160.24,158.31,158.87,4614.99
1556701200,1556704799,158.87,159.08,158.62,159.01,882.86
1556704800,1556708399,159.0,159.09,158.56,159.08,1159.15
1556708400,1556711999,159.07,159.6,159.03,159.39,987.48
1556712000,1556715599,159.4,159.4,158.04,158.65,2034.7
1556715600,1556719199,158.7,158.7,157.64,158.56,2573.28
1556719200,1556722799,158.57,158.84,158.1,158.35,1614.93
1556722800,1556726399,158.35,158.72,158.05,158.51,1644.28
1556726400,1556729999,158.51,159.23,158.5,158.83,2697.94
1556730000,1556733599,158.83,160.47,158.66,160.23,3659.49
1556733600,1556737199,160.24,160.24,158.57,158.74,4299.89
1556737200,1556740799,158.73,158.73,156.59,157.51,4306.9
1556740800,1556744399,157.52,157.8,157.25,157.62,1968.78
1556744400,1556747999,157.65,157.81,156.71,157.18,3884.5
1556748000,1556751599,157.22,157.53,156.82,157.52,748.92
1556751600,1556755199,157.53,158.77,157.52,158.3,2034.67
1556755200,1556758799,158.31,158.5,157.4,157.66,1652.16
1556758800,1556762399,158.01,158.5,157.7,158.09,828.62
1556762400,1556765999,158.09,158.56,157.84,158.16,1337.68
1556766000,1556769599,158.1,158.9,157.86,158.77,2250.66
1556769600,1556773199,158.76,158.79,158.02,158.37,1716.89
1556773200,1556776799,158.35,158.85,158.28,158.81,631.56
1556776800,1556780399,158.72,159.0,158.59,158.96,461.2
1556780400,1556783999,158.96,160.01,158.87,159.02,3405.25
1556784000,1556787599,159.15,159.57,159.03,159.41,1961.42
1556787600,1556791199,159.54,159.58,158.35,158.36,1201.13
1556791200,1556794799,158.39,158.78,158.22,158.26,651.07
1556794800,1556798399,158.26,158.64,158.25,158.44,1055.7
1556798400,1556801999,158.47,158.62,157.84,158.0,2299.81
1556802000,1556805599,157.99,158.19,155.91,158.19,3423.25
1556805600,1556809199,158.2,158.29,157.37,157.89,2695.39
1556809200,1556812799,157.97,158.69,157.92,158.61,2157.33
1556812800,1556816399,158.62,158.8,157.08,157.41,6675.13
1556816400,1556819999,157.41,157.94,157.3,157.87,2621.32
1556820000,1556823599,157.87,157.9,157.16,157.16,3865.2
1556823600,1556827199,157.17,158.1,157.12,157.72,2564.56
1556827200,1556830799,157.72,159.6,157.47,159.1,4967.72
1556830800,1556834399,159.03,160.57,158.78,159.11,4655.6
1556834400,1556837999,159.13,159.85,158.79,159.35,1614.78
1556838000,1556841599,159.36,159.73,158.7,158.7,3023.14
1556841600,1556845199,158.7,159.0,157.61,158.35,2661.21
1556845200,1556848799,158.34,159.94,158.34,159.43,2911.68
1556848800,1556852399,159.44,160.44,159.2,159.7,5113.07
1556852400,1556855999,159.73,159.78,159.01,159.1,1588.13
1556856000,1556859599,159.1,160.62,158.84,159.65,2369.53
1556859600,1556863199,159.54,159.79,159.36,159.68,1320.89
1556863200,1556866799,159.68,161.73,159.68,160.41,3388.38
1556866800,1556870399,160.43,161.25,160.32,160.65,2891.03
1556870400,1556873999,160.57,161.59,160.1,160.84,3753.93
1556874000,1556877599,160.72,169.26,160.53,166.9,14462.93
1556877600,1556881199,166.9,167.29,165.01,165.37,8078.78
1556881200,1556884799,165.45,166.65,165.42,165.89,7780.29
1556884800,1556888399,165.95,167.44,165.9,166.92,3461.07
1556888400,1556891999,167.03,167.34,166.66,166.93,6741.29
1556892000,1556895599,166.93,167.13,166.35,166.57,6109.37
1556895600,1556899199,166.53,166.55,165.71,166.2,5032.04
1556899200,1556902799,166.19,166.69,165.8,165.94,4169.28
1556902800,1556906399,165.96,166.3,164.4,165.15,12505.22
1556906400,1556909999,165.13,165.6,164.35,165.36,7568.63
1556910000,1556913599,165.36,165.62,164.76,165.41,2111.33
1556913600,1556917199,165.41,166.27,165.39,165.98,7136.21
1556917200,1556920799,165.98,165.98,164.91,165.83,4526.82
1556920800,1556924399,165.83,165.83,164.71,165.15,2307.18
1556924400,1556927999,165.12,165.17,164.45,164.74,2060.88
1556928000,1556931599,164.73,167.68,164.73,167.02,10930.08
1556931600,1556935199,167.05,168.71,166.42,167.57,6541.46
1556935200,1556938799,167.68,167.78,166.19,166.38,7336.69
1556938800,1556942399,166.44,166.6,163.77,164.78,8255.18
1556942400,1556945999,164.82,164.82,160.16,162.57,12222.67
1556946000,1556949599,162.51,163.14,161.62,162.36,5328.81
1556949600,1556953199,162.35,163.46,161.76,163.46,1924.92
1556953200,1556956799,163.46,164.25,163.45,163.69,1694.93
1556956800,1556960399,163.65,163.65,162.7,163.05,1174.23
1556960400,1556963999,163.06,163.44,162.31,162.61,1305.21
1556964000,1556967599,162.55,162.55,161.45,162.26,4599.58
1556967600,1556971199,162.25,162.41,161.9,162.01,7119.3
1556971200,1556974799,162.05,162.27,161.27,162.02,3296.24
1556974800,1556978399,161.93,162.19,158,159.81,12089.68
1556978400,1556981999,159.81,160.55,158.85,160,5281.8
1556982000,1556985599,159.99,160.38,159.46,159.49,1834.96
1556985600,1556989199,159.49,160.21,158.95,159.8,2780.28
1556989200,1556992799,159.79,159.9,159.08,159.7,2570.33
1556992800,1556996399,159.75,160.35,159.23,160.26,2863.64
1556996400,1556999999,160.26,161.2,160.25,160.66,5093.16
1557000000,1557003599,160.74,161.8,160.74,161.79,2243.28
1557003600,1557007199,161.71,164,161.69,163.36,6501.91
1557007200,1557010799,163.32,164.1,162.68,163.29,5255.07
1557010800,1557014399,163.25,163.34,161.45,161.85,2974.44
1557014400,1557017999,161.93,162.76,161.06,161.69,2368.31
1557018000,1557021599,161.7,162.24,161.1,161.74,3100.72
1557021600,1557025199,161.74,162.83,161.73,162.03,3667.74
1557025200,1557028799,161.93,162.5,161.74,162.29,1537.45
1557028800,1557032399,162.29,162.37,161.52,161.98,2043.89
1557032400,1557035999,162,163.3,162,163.18,2299.17
1557036000,1557039599,163.15,163.3,162.12,162.4,1054.33
1557039600,1557043199,162.45,162.55,161.1,161.32,1078.15
1557043200,1557046799,161.35,161.58,160.54,161.31,1747.22
1557046800,1557050399,161.33,161.66,161.01,161.16,859.44
1557050400,1557053999,161.21,161.66,160.58,161.66,1160.63
1557054000,1557057599,161.68,161.69,161.01,161.05,537.89
1557057600,1557061199,161.04,161.91,161,161.73,902.78
1557061200,1557064799,161.69,161.96,161.5,161.79,968.74
1557064800,1557068399,161.85,161.95,160.66,160.98,10661.43
1557068400,1557071999,160.97,161.26,160.68,161.15,1340.79
1557072000,1557075599,161.15,161.15,159.02,160.03,10253.69
1557075600,1557079199,160.03,160.03,158.31,158.48,2295.02
1557079200,1557082799,158.47,159.73,157.28,159.72,6272.54
1557082800,1557086399,159.72,161.31,159.27,161.12,9915.12
1557086400,1557089999,161.11,163.01,161.11,163,4983.54
1557090000,1557093599,162.94,163.4,161.55,161.61,3306.91
1557093600,1557097199,161.71,161.98,161.29,161.32,1567.05
1557097200,1557100799,161.32,161.79,161.25,161.25,2241.53
1557100800,1557104399,161.26,161.63,159.66,160.22,6297.26
1557104400,1557107999,160.22,160.53,158.57,159.24,8808.53
1557108000,1557111599,159.27,159.85,159.22,159.5,1816.39
1557111600,1557115199,159.59,159.94,158.85,159.05,1511.65
1557115200,1557118799,159.06,159.58,158.73,159.45,2477.2
1557118800,1557122399,159.5,159.72,159.02,159.14,2546.05
1557122400,1557125999,159.13,159.18,157.96,158.72,1607.62
1557126000,1557129599,158.62,159.36,158.3,158.7,2191.1
1557129600,1557133199,158.6,158.81,157.78,158.04,2850.44
1557133200,1557136799,158,163.26,157.91,161.77,4722.26
1557136800,1557140399,161.79,163.28,161.79,162.06,1802.22
1557140400,1557143999,162.01,163.82,161.86,163.21,2377.46
1557144000,1557147599,163.13,163.4,162,162.22,2380.09
1557147600,1557151199,162.34,162.98,162.34,162.69,1318.86
1557151200,1557154799,162.65,166.61,162.65,165.5,11674.35
1557154800,1557158399,165.41,168.89,165.32,168.31,8800.1
1557158400,1557161999,168.31,175.97,168.3,173.84,41435.72
1557162000,1557165599,173.84,174.3,172.77,173.66,9157.11
1557165600,1557169199,173.67,174.48,173.08,174.01,5062.77
1557169200,1557172799,174,174.73,173.05,173.29,6292.12
1557172800,1557176399,173.29,173.4,172.46,173.04,4952.65
1557176400,1557179999,173.13,173.42,172.38,173.05,2628.3
1557180000,1557183599,173.04,173.68,172.75,173.13,5154.06
1557183600,1557187199,173.19,173.2,171.01,171.07,5772.52
1557187200,1557190799,171.08,180.69,171.08,179.16,49388.1
1557190800,1557194399,179.16,180.21,177.18,177.18,10806.43
1557194400,1557197999,177.32,178.86,177,178.25,9299.77
1557198000,1557201599,178.25,178.82,176.92,177.9,8159.11
1557201600,1557205199,177.88,177.88,176.05,176.79,3530.33
1557205200,1557208799,176.78,177.45,175.5,175.51,3598.36
1557208800,1557212399,175.51,177.18,175.5,176.27,1770.78
1557212400,1557215999,176.28,176.28,174.29,175.57,2111.72
1557216000,1557219599,175.58,176.16,174.73,175.13,2242.41
1557219600,1557223199,175.14,177.63,174.66,176.88,2421.51
1557223200,1557226799,176.94,177.51,175.78,176.04,2337.23
1557226800,1557230399,176.03,176.46,174.75,176.17,2605.06
1557230400,1557233999,176.26,176.97,175.59,176.31,2710.68
1557234000,1557237599,176.29,177.62,175.64,177.62,3155.48
1557237600,1557241199,177.59,178,168.1,171.3,33403.34
1557241200,1557244799,171.29,171.94,169.87,171.94,8450.3
1557244800,1557248399,171.94,173.55,171.35,173.08,4926.26
1557248400,1557251999,173.23,173.23,171.32,171.75,5762.78
1557252000,1557255599,171.73,171.73,170,170.25,5850.33
1557255600,1557259199,170.26,170.67,168.53,169.67,9367.55
1557259200,1557262799,169.62,171.34,169.43,170.04,4399.73
1557262800,1557266399,170.03,172.36,169.98,171.86,4942.47
1557266400,1557269999,171.77,172.99,170.99,172.69,3872.27
1557270000,1557273599,172.69,173.45,165.2,166.3,22034.54
1557273600,1557277199,166.5,167.75,162,165.27,29753.13
1557277200,1557280799,165.26,167.1,164.94,166.65,8142.54
1557280800,1557284399,166.64,167.86,166.52,166.98,7296.08
1557284400,1557287999,166.94,167.23,166.3,166.81,3232.73
1557288000,1557291599,166.81,168.77,166.8,168.31,3749.46
1557291600,1557295199,168.3,168.96,167,168.6,3748.99
1557295200,1557298799,168.53,169.82,168.49,169.18,3461.41
1557298800,1557302399,169.19,169.31,167.58,167.83,2568.63
1557302400,1557305999,167.84,168.88,167.08,167.67,1132.1
1557306000,1557309599,167.66,168.49,167.59,168.27,3387.2
1557309600,1557313199,168.32,169.09,167.5,168.32,1210.21
1557313200,1557316799,168.36,169.32,167.84,168.76,1902.05
1557316800,1557320399,168.77,169.35,168.25,168.78,1990.76
1557320400,1557323999,168.82,168.9,167.87,168.28,2609.47
1557324000,1557327599,168.28,168.31,166.24,167.96,4418.43
1557327600,1557331199,167.96,169.01,167.77,168.49,4578.42
1557331200,1557334799,168.45,169.25,167.42,167.43,3771.06
1557334800,1557338399,167.42,168.24,166.78,167.39,3771.69
1557338400,1557341999,167.31,167.7,166.51,167.48,2910.33
1557342000,1557345599,167.48,168.52,167.19,167.95,4770.49
1557345600,1557349199,167.91,168.58,167.22,168.48,2140.26
1557349200,1557352799,168.52,169.25,168.07,168.37,3492.56
1557352800,1557356399,168.32,171.64,168.18,170.4,6778.96
1557356400,1557359999,170.35,172.03,167.22,169.58,13862.37
1557360000,1557363599,169.61,172.1,168.81,171.24,10557.72
1557363600,1557367199,171.14,173.33,169.99,171.86,12051.99
1557367200,1557370799,171.85,172.09,171.03,171.14,6349.15
1557370800,1557374399,171.17,171.38,170.43,170.64,3018.77
1557374400,1557377999,170.65,171.25,170.39,171.24,2383.4
1557378000,1557381599,171.25,171.53,169.12,169.58,3426.01
1557381600,1557385199,169.61,170.04,168,169.57,4100.36
1557385200,1557388799,169.58,169.93,168.95,169.42,2081.14
1557388800,1557392399,169.41,170.85,169.13,170.31,2220.78
1557392400,1557395999,170.26,170.41,169.43,170.24,2182.47
1557396000,1557399599,170.23,170.3,169.76,170.07,740.92
1557399600,1557403199,170.03,170.09,168.94,169.22,1838.58
1557403200,1557406799,169.2,169.22,167.26,167.84,6881.23
1557406800,1557410399,167.84,168.6,166.26,168.34,4047.39
1557410400,1557413999,168.31,168.49,167.25,167.64,3375.33
1557414000,1557417599,167.65,167.8,166.55,167.29,2678.46
1557417600,1557421199,167.23,168.02,167.06,167.56,4490.56
1557421200,1557424799,167.57,167.58,166.33,166.53,7293.69
1557424800,1557428399,166.55,166.83,165.25,166.36,7526.58
1557428400,1557431999,166.24,167.24,166.04,166.94,3120.79
1557432000,1557435599,166.96,168.37,166.31,168.22,4348.27
1557435600,1557439199,168.21,169.48,167.82,168.47,3886.09
1557439200,1557442799,168.44,170.45,167.71,170.45,2988.9
1557442800,1557446399,170.48,171.54,169.52,170.11,6850.72
1557446400,1557449999,170.11,170.5,168.38,168.38,3064.01
1557450000,1557453599,168.33,169.53,167.49,169.44,5330.79
1557453600,1557457199,169.51,171.21,168.82,170.62,11714.82
1557457200,1557460799,170.57,172,169.23,170.39,12309.97
1557460800,1557464399,170.39,175.56,169.98,175.2,19256.97
1557464400,1557467999,175.17,175.2,173.5,174.58,7379.65
1557468000,1557471599,174.44,174.67,173.55,174.41,3790.89
1557471600,1557475199,174.39,174.6,173.72,174.26,4927.82
1557475200,1557478799,174.26,175.27,171.56,172.33,8397.71
1557478800,1557482399,172.38,173.2,171.82,173.02,2627.64
1557482400,1557485999,173.03,173.72,172.17,172.17,3202.46
1557486000,1557489599,172.19,172.62,171.88,172.14,2453.27
1557489600,1557493199,172.09,172.16,171.05,171.33,5026.29
1557493200,1557496799,171.33,172.05,170.78,171.59,5225.68
1557496800,1557500399,171.58,171.82,170.73,171.06,6366.54
1557500400,1557503999,171.03,172.19,170.77,172.18,5619.48
1557504000,1557507599,172.19,173.85,171.69,173.17,16447.34
1557507600,1557511199,173.17,176.29,172.4,175.79,17808.93
1557511200,1557514799,175.79,176.32,173.83,174.37,8966.22
1557514800,1557518399,174.35,175.48,173.93,174.77,4349
1557518400,1557521999,174.77,175.79,169.31,171.56,22218.93
1557522000,1557525599,171.59,172.37,170.51,172.3,4808.49
1557525600,1557529199,172.25,173.6,171.75,173.41,3581.1
1557529200,1557532799,173.41,173.6,171.62,172.21,2643.91
1557532800,1557536399,172.23,174.5,172.19,174.24,3263.74
1557536400,1557539999,174.24,175.43,173.56,175.33,4593.93
1557540000,1557543599,175.33,177.43,173.09,176.24,19804.13
1557543600,1557547199,176.25,176.7,175.11,176.09,4895.29
1557547200,1557550799,176.05,176.84,173.3,175.09,10773.15
1557550800,1557554399,175.17,177.58,174.56,176.26,16106.13
1557554400,1557557999,176.34,178.8,175.3,177.17,18323.17
1557558000,1557561599,177.15,178.36,176.82,177.34,4686.39
1557561600,1557565199,177.26,185,177.24,183.31,35386.56
1557565200,1557568799,183.32,185.87,183.32,185.47,12933.09
1557568800,1557572399,185.55,194,185.55,192.11,30784.07
1557572400,1557575999,192.1,192.33,187.95,188.7,15113.74
1557576000,1557579599,188.78,189.71,186.86,188.39,9444.3
1557579600,1557583199,188.47,190.58,187.77,190,11191.53
1557583200,1557586799,190,190.26,187.35,189.3,17013.18
1557586800,1557590399,189.29,193.01,188.8,192.85,15717.89
1557590400,1557593999,192.76,192.95,190.05,190.58,12174.78
1557594000,1557597599,190.68,199.52,189.68,199.29,23502.16
1557597600,1557601199,199.26,199.6,195.4,197.09,22852.31
1557601200,1557604799,197.03,197.16,194,195.09,14199.81
1557604800,1557608399,195.24,198.6,195.24,197.88,10227.1
1557608400,1557611999,197.88,199.24,195.06,199.08,12037.71
1557612000,1557615599,198.99,203.25,195.91,200.65,53936.04
1557615600,1557619199,200.31,207,190.75,192.52,79101.89
1557619200,1557622799,192.59,197.11,185.8,190,53606.42
1557622800,1557626399,190.03,195.85,189.97,194.55,15255.59
1557626400,1557629999,194.51,196.85,192.53,192.6,12806.17
1557630000,1557633599,192.55,195.1,191.85,193.78,8817.97
1557633600,1557637199,193.77,195.94,193.69,194.02,6582.63
1557637200,1557640799,194.01,198.34,194,197.73,8358.02
1557640800,1557644399,197.59,199.55,195.56,197.88,10439.7
1557644400,1557647999,197.86,204.19,197.79,201.4,19529.77
1557648000,1557651599,201.4,203,190.1,196.84,38067.69
1557651600,1557655199,196.89,199.47,192.61,195.19,14256.68
1557655200,1557658799,195.15,195.82,190.09,191.04,8948.43
1557658800,1557662399,191.49,194.02,186.56,190.17,14319.78
1557662400,1557665999,190.07,191.87,188.21,191.21,8452.48
1557666000,1557669599,191.31,193.32,189.23,189.56,8407.79
1557669600,1557673199,189.54,190.97,183.39,184.3,18620.69
1557673200,1557676799,184.29,186.59,182.39,185.74,20226.79
1557676800,1557680399,185.74,186.5,183.63,184.03,11631.21
1557680400,1557683999,184.02,186.29,184,186.18,4894.07
1557684000,1557687599,186.18,189.04,185.78,189.01,8440.07
1557687600,1557691199,189.01,189.2,186.62,187.99,4333.28
1557691200,1557694799,188.07,190.76,187.51,190.61,4691.68
1557694800,1557698399,190.61,191.22,189.01,191.07,7056.24
1557698400,1557701999,191.01,191.13,185,187.38,12603.86
1557702000,1557705599,187.23,188.57,185.49,188.27,4180.79
1557705600,1557709199,188.23,190.93,185.62,190.27,5892.56
1557709200,1557712799,190.35,191,189.4,189.67,2931.9
1557712800,1557716399,189.61,190.24,188.7,189.21,5368.58
1557716400,1557719999,189.25,189.67,185.65,189.19,20578.09
1557720000,1557723599,189.18,192,189.07,191.74,3466.52
1557723600,1557727199,191.66,192.46,189.54,189.66,5051.13
1557727200,1557730799,189.68,190.6,189.23,189.86,3020
1557730800,1557734399,189.85,189.94,187,187.76,2137.07
1557734400,1557737999,187.61,188.64,186.82,188.1,2227.91
1557738000,1557741599,188.03,190.21,188.02,189.85,2472.74
1557741600,1557745199,189.82,190.27,188.61,190.17,1923.33
1557745200,1557748799,190.31,193.42,189.63,192.03,10204.57
1557748800,1557752399,192.03,196,191.59,194.29,17600.56
1557752400,1557755999,194.25,194.93,192.94,193.26,6505.71
1557756000,1557759599,193.63,198.43,192.67,196.07,14776.79
1557759600,1557763199,196.17,204.2,195.58,202.41,57707.19
1557763200,1557766799,202.2,209.85,202.17,204.6,45005.7
1557766800,1557770399,204.21,204.53,199.1,200.28,22892.34
1557770400,1557773999,200.25,202.58,199.52,202.2,8887.27
1557774000,1557777599,202.2,203,200.87,202.03,8696.89
1557777600,1557781199,202.1,202.13,199.36,200.68,10565.95
1557781200,1557784799,200.82,205,200.03,204.19,19645.93
1557784800,1557788399,204.29,205.88,194.49,196.6,34796.34
1557788400,1557791999,197.27,197.49,191.43,196.51,35218.79
1557792000,1557795599,196.38,199,195.17,197.06,10162.68
1557795600,1557799199,197.11,201.29,196.8,200.06,10886.63
1557799200,1557802799,200.08,206.84,198.21,204.67,24766.69
1557802800,1557806399,204.57,211.11,204.51,209.2,59698.11
1557806400,1557809999,209.24,212.5,208.37,211.28,24075.7
1557810000,1557813599,211.28,214.02,207.18,208.59,20813.09
1557813600,1557817199,208.65,211.13,208.08,210.97,6349.15
1557817200,1557820799,210.9,215.36,209.3,215.36,15454.14
1557820800,1557824399,215.35,216.17,204.24,206.46,23936.7
1557824400,1557827999,206.45,209.5,205.99,207.82,7542.36
1557828000,1557831599,207.97,207.97,202.55,205.91,7799.41
1557831600,1557835199,205.91,207.78,205.21,206.6,9477.41
1557835200,1557838799,206.65,210.48,206.41,209.34,10316.55
1557838800,1557842399,209.23,210.03,206.01,208.56,10144.69
1557842400,1557845999,208.5,210.81,203.5,207.06,19105.33
1557846000,1557849599,207.06,208.87,203.3,203.63,10056.17
1557849600,1557853199,203.43,208.35,199.88,207.79,27347.58
1557853200,1557856799,207.8,209.26,204.03,208.48,14538.25
1557856800,1557860399,208.63,208.77,204.73,205.36,13011.99
1557860400,1557863999,205.36,205.55,201.5,204.43,11836.08
1557864000,1557867599,204.3,206.6,203,204.16,9047.75
1557867600,1557871199,204.36,210,203,208.66,23929.82
1557871200,1557874799,208.68,217.95,208.68,217,30124.41
1557874800,1557878399,216.86,221,215.66,217.44,49246.05
1557878400,1557881999,217.66,222.94,216.84,220.79,34096.69
1557882000,1557885599,220.8,223.92,220.19,221.12,19521.16
1557885600,1557889199,221.12,224.48,219.1,223.09,18537.79
1557889200,1557892799,223.13,230.54,223.13,229.88,59456.27
1557892800,1557896399,229.92,229.93,225.5,226.28,19103.2
1557896400,1557899999,226.29,229.7,225.14,229.3,10517.08
1557900000,1557903599,229.46,234.99,229.46,231.42,21546.11
1557903600,1557907199,231.41,232.55,225.28,227.59,15727.45
1557907200,1557910799,227.56,231.24,225.86,228.16,9020.76
1557910800,1557914399,228.14,235.46,227.72,233.87,12087.73
1557914400,1557917999,234.02,237.33,232.66,233.58,16204.87
1557918000,1557921599,233.57,235.3,229.09,232.5,16645.78
1557921600,1557925199,232.21,233.27,228.63,231.46,12519.18
1557925200,1557928799,231.4,234.62,225.62,232.22,28981.45
1557928800,1557932399,232.21,233.68,230.37,231.25,10667.98
1557932400,1557935999,231.25,239.69,231.16,239.49,29897.8
1557936000,1557939599,239.5,243.88,237.21,240.8,45628.81
1557939600,1557943199,240.79,245,239.4,243.11,27375.8
1557943200,1557946799,243.25,244,238.73,241.26,18120.62
1557946800,1557950399,241.1,243.1,238.94,242.55,13589.29
1557950400,1557953999,242.7,244,237.22,239.67,16821.33
1557954000,1557957599,239.48,242.92,236.55,241.57,13995.39
1557957600,1557961199,241.74,247.43,240.79,247.11,18374.52
1557961200,1557964799,247.1,250.79,246.26,249,48859.31
1557964800,1557968399,249,268,248.1,264.68,87242.83
1557968400,1557971999,265.12,269.56,261.38,266.95,58550.16
1557972000,1557975599,266.94,274.31,265,272.8,41777.73
1557975600,1557979199,272.91,273.53,267.7,269.8,24163.73
1557979200,1557982799,269.8,269.94,251.06,260.42,75894.89
1557982800,1557986399,260.43,262.78,256.7,259.46,19463.81
1557986400,1557989999,258.93,269.41,257.08,267.53,23377.79
1557990000,1557993599,267.52,268.15,260.7,261.49,13625.44
1557993600,1557997199,261.3,264.55,258.54,259.22,13433.2
1557997200,1558000799,259.29,263.61,254.7,256.06,14698.62
1558000800,1558004399,256.26,258.43,243.22,247.51,44230.68
1558004400,1558007999,247.68,254.62,246.62,250.13,14500.27
1558008000,1558011599,250.13,253.09,242.19,245.83,24165.39
1558011600,1558015199,245.85,251.78,245.21,251.17,16945.06
1558015200,1558018799,251.26,263.02,250.7,261.47,35454.02
1558018800,1558022399,261.4,281.77,261.37,278.69,52250.4
1558022400,1558025999,278.51,279.21,262.94,265.7,59613.64
1558026000,1558029599,265.71,267.64,256.66,262.65,38764.04
1558029600,1558033199,262.77,268.94,258,262.95,25692.79
1558033200,1558036799,262.95,263.59,253.2,260.13,30171.82
1558036800,1558040399,260.04,263.34,254.33,254.57,15839.19
1558040400,1558043999,254.47,271.22,254.05,266.61,40736.57
1558044000,1558047599,266.84,272.5,256.04,259.23,29309.91414987
1558047600,1558051199,259.38,265.93,256.93,264.39,22444.98772446
1558051200,1558054799,264.31,269.23,260.86,262.68,17966.03376446
1558054800,1558058399,262.72,262.73,251.61,255.37,30241.74644019
1558058400,1558061999,255.16,259.0,240.0,243.48,47421.19257525
1558062000,1558065599,243.36,244.45,224.5,238.35,133453.55880795
1558065600,1558069199,238.35,246.77,238.15,240.67,37097.77884134
1558069200,1558072799,240.68,243.45,236.07,237.27,20087.83580761
1558072800,1558076399,237.33,240.99,232.75,235.63,27329.10111901
1558076400,1558079999,235.53,242.0,235.33,239.67,8416.98705846
1558080000,1558083599,239.65,240.86,236.24,238.73,9498.51222409
1558083600,1558087199,238.51,240.3,236.36,239.14,6819.29735307
1558087200,1558090799,239.12,239.14,230.31,234.0,16632.44261728
1558090800,1558094399,234.0,234.36,224.6,229.04,25612.12998119
1558094400,1558097999,228.74,235.7,222.88,235.05,28622.12592173
1558098000,1558101599,234.73,240.15,232.73,240.15,16482.91280253
1558101600,1558105199,240.15,241.82,233.99,234.15,16183.49575549
1558105200,1558108799,234.56,236.15,228.0,229.54,17015.56545632
1558108800,1558112399,229.58,236.75,224.0,230.04,26834.31690177
1558112400,1558115999,230.15,232.12,225.65,228.78,20943.13041762
1558116000,1558119599,228.86,232.5,226.02,231.79,13544.25352162
1558119600,1558123199,231.37,233.6,228.02,232.4,9957.00677707
1558123200,1558126799,232.39,234.08,230.63,233.29,8046.05704529
1558126800,1558130399,233.5,239.9,233.48,239.38,13226.8618026
1558130400,1558133999,239.35,242.26,236.11,237.84,21393.48950522
1558134000,1558137599,237.63,245.48,236.49,244.59,13893.39815038
1558137600,1558141199,244.47,249.24,239.12,240.64,24944.34163402
1558141200,1558144799,240.67,243.55,238.1,239.19,16025.22645559
1558144800,1558148399,239.35,242.76,238.87,240.65,5998.2918166
1558148400,1558151999,240.48,245.5,240.45,244.85,9629.40452225
1558152000,1558155599,244.92,245.99,240.2,243.51,10308.65710025
1558155600,1558159199,243.56,245.82,241.89,243.51,8315.02991334
1558159200,1558162799,243.5,243.5,239.77,240.51,5099.16782352
1558162800,1558166399,240.61,241.31,235.08,236.76,6809.73312526
1558166400,1558169999,236.87,239.11,235.4,236.71,3976.0418013
1558170000,1558173599,236.85,236.85,231.4,236.16,5959.57599592
1558173600,1558177199,236.04,237.53,234.12,235.8,2161.71180527
1558177200,1558180799,235.78,239.0,234.34,234.88,5623.37108726
1558180800,1558184399,234.91,237.48,233.01,235.32,5086.760103
1558184400,1558187999,235.33,238.17,233.28,237.68,4742.78944296
1558188000,1558191599,237.62,239.8,236.1,238.8,4384.43172661
1558191600,1558195199,238.88,241.43,237.22,238.99,7694.0929073
1558195200,1558198799,238.98,241.4,237.46,239.33,5083.99858914
1558198800,1558202399,239.17,239.42,235.2,236.0,5997.69834236
1558202400,1558205999,236.1,236.17,233.17,235.33,5767.52476973
1558206000,1558209599,235.33,238.0,235.03,235.95,3680.05618575
1558209600,1558213199,235.95,236.92,234.62,236.56,3470.87714495
1558213200,1558216799,236.58,239.68,235.11,239.04,4506.75368841
1558216800,1558220399,238.8,239.01,235.5,236.67,6053.27445342
1558220400,1558223999,236.63,236.88,233.79,234.03,5211.94190354
1558224000,1558227599,234.0,235.97,232.44,235.34,5427.04752197
1558227600,1558231199,235.35,244.9,235.34,244.04,19650.65151398
1558231200,1558234799,244.09,249.98,244.09,245.38,28674.47116475
1558234800,1558238399,245.31,254.99,244.52,254.04,21567.58503956
1558238400,1558241999,254.02,255.33,250.12,253.88,12918.29952783
1558242000,1558245599,253.95,254.5,251.87,253.0,9479.10263072
1558245600,1558249199,252.8,254.73,251.31,251.75,4723.82564265
1558249200,1558252799,251.78,259.43,251.41,257.46,7494.63397425
1558252800,1558256399,257.39,257.53,253.85,256.24,7749.3955268
1558256400,1558259999,256.24,259.36,254.66,258.69,7935.80408434
1558260000,1558263599,258.77,261.03,256.7,258.1,9125.54312346
1558263600,1558267199,258.27,258.86,253.52,254.66,7205.49690056
1558267200,1558270799,254.66,255.92,250.2,254.56,16381.97607601
1558270800,1558274399,254.55,255.9,252.26,253.37,12999.84942248
1558274400,1558277999,253.31,256.5,253.01,256.47,5574.66892924
1558278000,1558281599,256.45,256.47,253.96,255.92,4730.67568342
1558281600,1558285199,255.92,256.49,253.01,254.23,16667.7787362
1558285200,1558288799,254.08,257.5,254.0,256.8,11732.55440895
1558288800,1558292399,256.81,256.99,255.62,255.69,4065.8393856
1558292400,1558295999,255.75,258.49,254.5,254.61,7356.36627956
1558296000,1558299599,254.62,257.18,252.52,256.77,5893.62109731
1558299600,1558303199,256.75,260.59,256.65,260.05,9489.62223899
1558303200,1558306799,260.05,263.99,256.91,262.5,20023.58364577
1558306800,1558310399,262.51,264.77,260.47,261.09,14532.62578719
1558310400,1558313999,260.44,260.83,245.88,250.52,50125.76807429
1558314000,1558317599,250.63,251.64,246.5,250.75,12880.30907315
1558317600,1558321199,250.75,250.75,247.09,248.5,9201.89463413
1558321200,1558324799,248.45,255.6,248.3,255.06,10216.3965891
1558324800,1558328399,255.0,256.5,252.5,252.8,7371.60298302
1558328400,1558331999,252.71,253.21,250.85,252.83,5341.73591939
1558332000,1558335599,252.82,252.82,248.57,249.24,5893.78954175
1558335600,1558339199,249.06,252.78,247.89,249.82,8941.79843763
1558339200,1558342799,249.62,250.03,246.03,249.73,8327.23526306
1558342800,1558346399,249.65,251.88,247.95,250.97,4845.38859606
1558346400,1558349999,250.97,252.89,249.72,250.36,2844.66194646
1558350000,1558353599,250.69,251.82,247.64,248.12,2658.77042289
1558353600,1558357199,248.02,249.66,241.52,243.44,12472.56884811
1558357200,1558360799,243.44,245.74,239.0,245.73,16289.75246519
1558360800,1558364399,245.58,247.67,243.71,247.67,6468.84259844
1558364400,1558367999,247.51,248.55,245.5,248.4,7112.65376766
1558368000,1558371599,248.2,249.83,246.61,246.97,7016.66091269
1558371600,1558375199,247.01,249.41,244.53,244.71,8393.92539747
1558375200,1558378799,244.69,246.83,243.56,245.93,5854.73116124
1558378800,1558382399,245.67,248.66,245.67,248.19,7148.74679844
1558382400,1558385999,248.09,258.47,247.96,254.24,16891.99647277
1558386000,1558389599,254.21,258.12,252.06,253.58,17624.40023305
1558389600,1558393199,253.53,255.72,249.94,250.02,13343.33717034
1558393200,1558396799,250.15,253.7,250.15,252.22,8117.89760117
1558396800,1558400399,252.42,257.0,252.42,253.19,11660.42631046
1558400400,1558403999,253.24,254.99,251.9,252.89,5101.02497899
1558404000,1558407599,252.81,252.81,249.76,251.88,15522.49725469
1558407600,1558411199,251.94,253.43,251.22,251.47,4931.08550537
1558411200,1558414799,251.6,251.64,248.23,249.35,7457.35083009
1558414800,1558418399,249.48,250.94,247.84,250.34,4746.02073474
1558418400,1558421999,250.48,252.39,250.03,252.17,2450.07161641
1558422000,1558425599,252.2,254.21,251.17,252.02,5647.82738016
1558425600,1558429199,252.12,253.9,251.53,252.83,3244.2550016
1558429200,1558432799,252.76,256.83,252.67,254.36,7717.68259654
1558432800,1558436399,254.55,254.61,250.97,251.82,4160.72948116
1558436400,1558439999,251.96,253.48,248.97,250.49,4914.84750053
1558440000,1558443599,250.52,252.79,248.93,251.72,4629.80905458
1558443600,1558447199,251.54,258.29,250.35,252.0,17259.00093972
1558447200,1558450799,252.0,252.75,250.0,252.5,9870.59166466
1558450800,1558454399,252.45,253.05,251.16,251.79,4661.96821904
1558454400,1558457999,251.79,253.5,250.46,252.6,6956.08661702
1558458000,1558461599,252.59,257.86,252.59,256.37,16536.69159997
1558461600,1558465199,256.34,258.43,255.01,257.48,15922.47002998
1558465200,1558468799,257.48,257.96,255.44,257.12,11329.05538271
1558468800,1558472399,257.12,263.7,257.08,262.95,29672.85067528
1558472400,1558475999,263.0,264.2,257.67,258.9,18885.59345502
1558476000,1558479599,258.9,259.01,252.01,256.37,19822.39456424
1558479600,1558483199,256.43,258.78,254.74,254.74,8117.63032171
1558483200,1558486799,254.64,259.88,254.39,259.83,6887.16843745
1558486800,1558490399,259.74,261.62,255.81,256.02,8609.73753394
1558490400,1558493999,256.02,258.0,255.0,257.22,6554.19467694
1558494000,1558497599,257.02,257.86,256.12,256.12,4081.44745203
1558497600,1558501199,256.16,258.76,253.31,257.82,7656.97679362
1558501200,1558504799,257.8,259.34,256.5,258.44,4706.63078464
1558504800,1558508399,258.46,259.5,257.26,257.8,3833.79154374
1558508400,1558511999,257.76,257.87,256.24,256.63,1592.04917449
1558512000,1558515599,256.63,258.34,256.13,256.75,1491.10759165
1558515600,1558519199,256.74,257.58,254.07,254.49,2541.6835241
1558519200,1558522799,254.58,255.9,253.0,253.89,3473.53935738
1558522800,1558526399,253.89,254.23,250.0,252.46,12441.00559764
1558526400,1558529999,252.48,254.21,250.47,250.76,7701.86389715
1558530000,1558533599,250.69,253.52,250.15,253.02,6672.12030344
1558533600,1558537199,253.16,254.21,252.14,253.31,3726.06096108
1558537200,1558540799,253.3,257.5,252.66,256.51,15265.25768475
1558540800,1558544399,256.7,257.25,253.21,253.44,8348.27677102
1558544400,1558547999,253.48,254.28,250.2,252.02,10378.08973507
1558548000,1558551599,252.08,254.0,251.54,253.74,4499.65758756
1558551600,1558555199,253.71,254.0,252.85,253.93,3942.32887993
1558555200,1558558799,254.0,254.75,241.55,247.6,50579.8398716
1558558800,1558562399,247.45,248.71,240.7,242.81,20782.29681481
1558562400,1558565999,243.11,247.38,240.04,246.15,16419.74661419
1558566000,1558569599,246.06,246.53,241.35,243.32,12622.26862034
1558569600,1558573199,243.37,244.7,240.56,243.17,12778.50823604
1558573200,1558576799,243.19,244.82,242.39,243.52,4532.03406362
1558576800,1558580399,243.37,245.17,242.41,244.42,4671.22523752
1558580400,1558583999,244.24,244.71,242.01,243.97,3706.84557313
1558584000,1558587599,243.92,244.1,242.01,242.95,1942.56693498
1558587600,1558591199,242.93,243.06,236.22,238.6,13802.29513184
1558591200,1558594799,238.67,239.14,234.0,239.0,10730.55625456
1558594800,1558598399,239.0,239.12,234.56,235.25,5270.49730079
1558598400,1558601999,235.2,235.24,232.38,234.15,7144.84079963
1558602000,1558605599,234.29,235.71,231.12,235.7,9680.51812103
1558605600,1558609199,235.71,239.21,235.1,238.57,4428.9213472
1558609200,1558612799,238.68,238.99,236.21,236.25,3552.81158691
1558612800,1558616399,236.23,238.45,235.15,238.13,4765.47498705
1558616400,1558619999,238.13,241.77,237.69,240.52,8070.14414438
1558620000,1558623599,240.65,243.96,240.65,242.5,12301.74969336
1558623600,1558627199,242.5,245.0,242.02,242.71,9206.98694404
1558627200,1558630799,242.7,245.0,242.61,243.94,6252.12362982
1558630800,1558634399,243.99,244.6,239.83,241.06,11350.83762226
1558634400,1558637999,241.22,241.89,239.1,240.51,4515.64241841
1558638000,1558641599,240.56,242.22,239.11,241.98,3924.48649291
1558641600,1558645199,242.03,245.0,241.79,245.0,5859.87296371
1558645200,1558648799,244.9,247.1,243.03,245.69,7424.56036656
1558648800,1558652399,245.81,248.7,245.11,246.14,7390.17594448
1558652400,1558655999,246.13,247.72,243.5,245.64,9910.12847462
1558656000,1558659599,245.8,246.4,244.03,245.64,8345.55746436
1558659600,1558663199,245.73,247.23,244.3,244.52,5625.2063235
1558663200,1558666799,244.6,245.37,243.03,244.18,3810.2425167
1558666800,1558670399,244.19,245.7,243.26,245.3,2060.92423561
1558670400,1558673999,245.34,246.03,243.7,244.1,5755.04848641
1558674000,1558677599,244.05,244.24,242.4,243.8,3079.70692164
1558677600,1558681199,243.8,247.0,243.14,247.0,2794.24741843
1558681200,1558684799,247.0,249.69,246.55,247.5,10154.7166358
1558684800,1558688399,247.55,252.7,247.55,250.76,13417.46628925
1558688400,1558691999,250.91,251.43,249.69,250.72,5254.3136622
1558692000,1558695599,250.72,252.76,250.23,251.38,4021.01935928
1558695600,1558699199,251.45,254.0,251.09,252.65,8218.96184805
1558699200,1558702799,252.61,253.16,250.66,252.8,5024.54707524
1558702800,1558706399,252.81,253.0,250.43,251.01,5504.77401583
1558706400,1558709999,251.04,254.0,250.62,253.89,5802.31369385
1558710000,1558713599,253.91,255.13,252.82,253.49,15839.85665669
1558713600,1558717199,253.63,256.06,253.29,253.97,14585.00104735
1558717200,1558720799,253.81,254.53,252.39,252.5,5572.53918131
1558720800,1558724399,252.54,253.17,250.9,252.37,10130.10485325
1558724400,1558727999,252.2,252.84,249.81,252.72,8642.30658385
1558728000,1558731599,252.74,254.0,251.89,253.93,6660.73185799
1558731600,1558735199,253.92,254.12,250.55,251.21,3725.526065
1558735200,1558738799,251.1,252.18,250.0,250.5,2708.95661718
1558738800,1558742399,250.38,250.39,246.88,249.83,7348.18485059
1558742400,1558745999,249.82,250.3,248.43,249.24,2753.11092817
1558746000,1558749599,249.24,251.95,248.78,251.72,2102.40448075
1558749600,1558753199,251.78,252.09,249.07,252.01,4223.14987245
1558753200,1558756799,252.03,253.62,251.67,251.75,5195.53394532
1558756800,1558760399,251.78,253.45,251.41,251.74,1541.01175985
1558760400,1558763999,251.72,251.76,250.32,250.52,1349.57005273
1558764000,1558767599,250.42,251.81,250,250.43,1636.49588485
1558767600,1558771199,250.45,251.18,250,250.95,1050.34875954
1558771200,1558774799,250.93,252.46,250.25,252.46,1316.67475556
1558774800,1558778399,252.5,257.7,252.5,257.69,4258.64187049
1558778400,1558781999,257.69,258.89,256.05,256.9,5049.20344265
1558782000,1558785599,256.89,258.78,256.0,256.09,2852.48256633
1558785600,1558789199,256.11,256.96,255.03,256.75,2903.44047845
1558789200,1558792799,256.74,256.8,250.31,251.32,9011.49248159
1558792800,1558796399,251.33,252.85,250.52,252.77,3517.20929055
1558796400,1558799999,252.77,253.58,251.83,252.7,2222.96093814
1558800000,1558803599,252.7,253.22,250.74,251.5,3240.38266963
1558803600,1558807199,251.58,252.18,250.71,252.06,4422.69123343
1558807200,1558810799,252.06,253.51,250.77,251.18,2374.93129834
1558810800,1558814399,251.18,251.6,250.22,250.63,2679.39941413
1558814400,1558817999,250.57,251.51,250.0,250.51,1664.74784646
1558818000,1558821599,250.52,252.72,250.44,251.8,1750.2627745
1558821600,1558825199,251.81,253.58,251.81,252.65,978.38750336
1558825200,1558828799,252.78,252.92,251.04,251.55,1455.13927407
1558828800,1558832399,251.55,252.48,251.02,251.94,1372.61886292
1558832400,1558835999,251.93,251.94,251.01,251.5,1248.28073266
1558836000,1558839599,251.5,252.25,250.44,250.73,1045.3582652
1558839600,1558843199,250.74,251.41,247.2,248.55,5091.21463982
1558843200,1558846799,248.63,249.86,247.7,248.79,2455.60459945
1558846800,1558850399,249.08,249.44,246.69,247.39,2664.01230656
1558850400,1558853999,247.4,248.5,245.66,248.07,2774.05350462
1558854000,1558857599,248.07,251.02,247.18,249.76,2886.35284971
1558857600,1558861199,249.75,250.15,248.75,249.96,549.78932227
1558861200,1558864799,249.92,250.68,249.65,249.73,439.51032137
1558864800,1558868399,249.73,249.73,247.52,248.32,1624.10422702
1558868400,1558871999,248.36,248.74,246.12,246.93,2551.18727412
1558872000,1558875599,246.97,248.71,246.2,248.4,1187.54903306
1558875600,1558879199,248.45,250.17,247.7,249.39,1619.56962754
1558879200,1558882799,249.39,250.69,249.09,250.16,2226.40710975
1558882800,1558886399,250.17,250.76,248.81,249.91,1655.86494447
1558886400,1558889999,249.92,250.15,248.51,249.31,1477.49637911
1558890000,1558893599,249.36,250.03,248.7,249.61,1510.3376937
1558893600,1558897199,249.61,251,249.61,251.0,2386.73855907
1558897200,1558900799,251.0,263,250.99,262.05,34006.47386166
1558900800,1558904399,262.03,268.87,262.02,264.75,39067.00497293
1558904400,1558907999,264.77,271.19,263.0,268.85,23793.49825777
1558908000,1558911599,268.96,271.1,265.04,266.08,17652.42443942
1558911600,1558915199,266.04,270.0,265.8,268.37,9192.22317235
1558915200,1558918799,268.23,273.0,268.23,270.9,21703.46718978
1558918800,1558922399,271.03,272.75,268.84,269.51,12985.50485762
1558922400,1558925999,269.51,269.74,263.48,267.93,17302.80476601
1558926000,1558929599,267.91,269.75,266.34,269.26,7850.92769519
1558929600,1558933199,269.16,269.7,266.91,267.81,5442.67173925
1558933200,1558936799,267.76,269.15,267.38,268.19,3202.95678579
1558936800,1558940399,268.2,269.68,267.74,269.07,2568.16874303
1558940400,1558943999,269.15,270.4,268.73,268.8,3578.56562267
1558944000,1558947599,268.8,269.0,267.29,267.92,3774.90258002
1558947600,1558951199,268.01,268.83,267.67,268.34,1942.40519523
1558951200,1558954799,268.32,268.32,267,267.84,1923.06186091
1558954800,1558958399,267.86,267.86,262,266.73,11072.15843398
1558958400,1558961999,266.75,271.24,266.57,271.24,6156.48001816
1558962000,1558965599,271.24,274.51,269.49,270.0,9933.23600621
1558965600,1558969199,269.95,270.9,268.31,269.62,5578.19080841
1558969200,1558972799,269.62,274.78,269.46,270.52,11319.66983503
1558972800,1558976399,270.52,279.55,265.31,268.29,35864.35117241
1558976400,1558979999,268.17,270.0,265.0,266.27,13622.71699904
1558980000,1558983599,266.27,270.23,264.84,269.32,7597.21269019
1558983600,1558987199,269.21,270.3,268.01,269.16,7581.09411418
1558987200,1558990799,269.28,270.0,266.5,267.33,7349.2223991
1558990800,1558994399,267.33,269.51,266.71,269.4,3260.14825597
1558994400,1558997999,269.17,269.36,266.65,269.0,3986.38722256
1558998000,1559001599,269.0,277.12,269.0,271.24,15405.20588642
1559001600,1559005199,271.53,273.31,269.91,270.03,8481.90461455
1559005200,1559008799,270.16,272.91,269.24,271.97,4174.29159751
1559008800,1559012399,272.0,275.26,271.94,273.21,5816.11924792
1559012400,1559015999,273.12,273.25,270.29,271.42,3566.58106854
1559016000,1559019599,271.42,272.67,270.72,270.85,3782.80297914
1559019600,1559023199,271.16,271.57,268.27,269.41,3824.39446881
1559023200,1559026799,269.42,269.82,267.22,268.56,5876.02725371
1559026800,1559030399,268.94,271.54,267.51,270.42,4454.15901976
1559030400,1559033999,270.42,271.07,268.19,270.73,2081.76976369
1559034000,1559037599,270.66,271.48,269.34,270.48,1047.721025
1559037600,1559041199,270.49,270.78,268.28,269.3,1944.91443477
1559041200,1559044799,269.16,271.35,268.1,270.73,4301.65109437
1559044800,1559048399,270.55,271.81,269.06,269.54,3594.9547121
1559048400,1559051999,269.61,270.37,265.45,267.52,9201.12226665
1559052000,1559055599,267.56,269.87,267.28,269.7,5332.49694154
1559055600,1559059199,269.55,271.88,267.93,271.24,6168.35988885
1559059200,1559062799,271.3,271.33,268.58,269.82,4709.38213231
1559062800,1559066399,269.88,276.5,269.58,272.69,10560.32825328
1559066400,1559069999,272.69,273.83,271.1,272.52,4500.96289684
1559070000,1559073599,272.6,273.75,269.5,270.43,6406.14871766
1559073600,1559077199,270.4,272.0,270.37,271.99,3393.57545586
1559077200,1559080799,272.0,273.45,271.18,273.35,3353.89909521
1559080800,1559084399,273.37,273.75,271.33,271.62,4311.74758524
1559084400,1559087999,271.84,271.99,270.4,271.15,2764.15753259
1559088000,1559091599,271.15,271.16,267.55,269.55,8304.09873886
1559091600,1559095199,269.55,270.8,268.2,268.63,5720.88388413
1559095200,1559098799,268.64,268.98,267.0,267.92,5474.80079431
1559098800,1559102399,268.08,269.43,267.51,268.14,3137.11275678
1559102400,1559105999,268.21,268.74,266.03,267.65,7582.11408335
1559106000,1559109599,267.65,267.93,260.2,262.04,18700.80108957
1559109600,1559113199,262.0,264.73,261.5,262.82,7165.88743157
1559113200,1559116799,262.77,265.28,262.7,264.47,3928.72167705
1559116800,1559120399,264.43,267.56,263.8,266.89,2984.32764347
1559120400,1559123999,266.89,267.65,265.1,267.54,4318.42916189
1559124000,1559127599,267.55,270.53,266.88,268.82,4186.10914103
1559127600,1559131199,268.79,270.35,267.61,267.78,2774.20867008
1559131200,1559134799,267.77,270.04,267.77,270.04,3372.31225361
1559134800,1559138399,270.04,274.25,268.88,273.0,14283.0975563
1559138400,1559141999,273.01,274.0,271.42,272.08,6597.3947789
1559142000,1559145599,272.08,273.74,271.12,272.2,5460.29594138
1559145600,1559149199,272.05,273.79,270.28,273.45,6422.93769154
1559149200,1559152799,273.49,274.0,271.76,272.42,7477.64651923
1559152800,1559156399,272.49,272.97,269.89,270.96,8125.1111421
1559156400,1559159999,271.06,272.57,270.86,272.25,3289.36698162
1559160000,1559163599,272.24,272.8,269.23,269.59,5490.88618658
1559163600,1559167199,269.58,270.65,268.7,270.06,4367.02587081
1559167200,1559170799,270.08,271.9,270.07,270.54,4312.50001671
1559170800,1559174399,270.5,271.46,268.5,269.39,3522.75044792
1559174400,1559177999,269.39,272.47,267.47,272.47,11209.80803915
1559178000,1559181599,272.48,273.8,268.8,270.39,13177.88341843
1559181600,1559185199,270.39,271.83,268.9,271.17,3792.20539628
1559185200,1559188799,271.29,286.08,271.0,282.54,43769.01256195
1559188800,1559192399,282.66,288.22,282.66,284.5,24758.94237366
1559192400,1559195999,284.5,286.75,280.71,282.91,9355.43672234
1559196000,1559199599,282.99,284.26,282.4,282.84,4105.70110057
1559199600,1559203199,282.72,285.16,282.37,283.23,5145.82564949
1559203200,1559206799,283.2,284.5,280.7,282.5,6428.12477894
1559206800,1559210399,282.55,283.67,282.02,283.46,2651.23407061
1559210400,1559213999,283.44,286.05,283.06,283.87,3191.92531951
1559214000,1559217599,283.66,285.0,283.12,283.29,2615.69808556
1559217600,1559221199,283.29,284.37,282.0,283.49,3037.69518577
1559221200,1559224799,283.5,286.0,282.6,282.69,4414.33338639
1559224800,1559228399,282.69,285.1,282.6,284.42,3294.9768175
1559228400,1559231999,284.44,287.9,284.38,287.08,10872.55563279
1559232000,1559235599,287.07,288.77,273,273.29,49604.75961765
1559235600,1559239199,273.41,273.41,265,269.08,31841.7651371
1559239200,1559242799,269.01,271.02,267.85,271.01,11293.56672696
1559242800,1559246399,271.02,271.8,268.22,269.02,10279.57554837
1559246400,1559249999,269.18,269.25,260.8,263.4,41591.32693093
1559250000,1559253599,263.4,265.0,235.44,248.65,76946.14776567
1559253600,1559257199,248.67,255.48,247.29,252.35,24017.48573783
1559257200,1559260799,252.34,255.5,251.3,254.62,12446.90300302
1559260800,1559264399,254.7,257.49,253.45,255.65,10363.94935288
1559264400,1559267999,255.42,258.0,255.1,256.56,5589.19895806
1559268000,1559271599,256.55,256.55,253.25,253.99,8493.67971135
1559271600,1559275199,254.13,254.17,251.0,252.9,9077.72967973
1559275200,1559278799,252.88,253.02,246.06,247.23,15916.735474
1559278800,1559282399,247.19,253.03,245.05,252.7,8781.13085561
1559282400,1559285999,252.78,255.48,252.72,254.55,5443.70792472
1559286000,1559289599,254.56,255.21,251.57,255.01,6265.60116674
1559289600,1559293199,255.05,256.27,253.15,253.56,6767.04474433
1559293200,1559296799,253.71,254.91,252.54,254.28,3031.25659857
1559296800,1559300399,254.11,256.91,254.11,255.13,3837.59502685
1559300400,1559303999,255.24,255.39,253.29,254.92,2603.04021163
1559304000,1559307599,254.97,259.0,253.77,258.99,4587.88859593
1559307600,1559311199,258.88,262.54,258.88,261.34,13274.53329465
1559311200,1559314799,261.33,262.94,258.42,260.64,11989.90468374
1559314800,1559318399,260.8,261.42,255.85,257.29,9407.25958795
1559318400,1559321999,257.59,262.1,254.6,259.33,10069.22034066
1559322000,1559325599,259.26,261.43,259.07,259.78,4695.20084734
1559325600,1559329199,259.73,264.31,259.56,260.95,11984.30126725
1559329200,1559332799,260.96,263.0,260.96,261.12,5483.31310359
1559332800,1559336399,261.33,262.7,260.1,262.23,5232.25513004
1559336400,1559339999,262.29,267.0,261.85,263.2,10860.33523069
1559340000,1559343599,263.34,263.34,260.97,262.68,3418.59378894
1559343600,1559347199,262.68,268.55,262.68,267.74,12749.76885232
1559347200,1559350799,267.68,274.99,265.5,274.54,14036.46082167
1559350800,1559354399,274.2,274.2,269.08,271.84,12159.96082972
1559354400,1559357999,271.84,272.16,269.04,270.59,11680.06052005
1559358000,1559361599,270.72,272.0,269.26,269.45,6196.58451577
1559361600,1559365199,269.53,270.97,268.06,270.29,7209.57250305
1559365200,1559368799,270.29,270.29,266.12,266.85,8597.14506598
1559368800,1559372399,266.92,269.24,265.19,268.66,6477.07092625
1559372400,1559375999,268.79,270.25,267.58,269.76,3151.26633919
1559376000,1559379599,269.8,271.22,268.1,270.46,2180.57992173
1559379600,1559383199,270.67,271.9,269.89,270.24,2426.89636591
1559383200,1559386799,270.28,270.82,268.54,268.75,3066.76158366
1559386800,1559390399,268.78,270.5,267.88,269.55,2539.33407924
1559390400,1559393999,269.6,270.18,268.37,268.66,1872.97596874
1559394000,1559397599,268.63,268.65,266.05,266.05,2678.81059314
1559397600,1559401199,266.06,267.17,261.3,263.93,7318.35450196
1559401200,1559404799,263.63,266.14,262.8,266.06,3427.39310974
1559404800,1559408399,266.06,268.0,266.0,266.92,4159.46772722
1559408400,1559411999,266.98,267.07,263.8,264.96,3084.60455033
1559412000,1559415599,264.89,265.26,262.71,263.14,2388.1036403
1559415600,1559419199,263.19,265.55,261.64,263.93,3752.47712969
1559419200,1559422799,263.91,266.56,263.9,265.34,2657.87962472
1559422800,1559426399,265.35,269.75,265.35,268.37,4145.4516177
1559426400,1559429999,268.29,268.77,264.08,267.81,3664.32399359
1559430000,1559433599,267.84,268.34,263.26,264.78,4047.09501346
1559433600,1559437199,264.72,268.99,264.11,267.28,2868.04488258
1559437200,1559440799,267.29,269.2,266.53,267.68,2175.10185847
1559440800,1559444399,267.68,268.23,265.0,266.03,3075.84706905
1559444400,1559447999,265.78,266.47,264.23,265.67,1744.15765121
1559448000,1559451599,265.64,267.97,265.37,267.28,1166.14517783
1559451600,1559455199,267.14,268.59,265.79,268.45,1649.35992597
1559455200,1559458799,268.31,269.04,267.1,267.97,1023.50788299
1559458800,1559462399,267.85,272.9,267.85,271.63,4355.80553685
1559462400,1559465999,271.61,273.2,270.57,272.61,2667.4856373
1559466000,1559469599,272.52,272.93,270.56,271.42,1248.16152677
1559469600,1559473199,271.45,271.67,269.91,270.8,1755.38593283
1559473200,1559476799,270.91,271.82,270.0,271.04,1447.50692842
1559476800,1559480399,271.06,274.75,270.94,272.43,3784.88888313
1559480400,1559483999,272.34,272.35,266.25,268.81,6166.31416778
1559484000,1559487599,268.63,270.04,268.0,268.52,2420.23687305
1559487600,1559491199,268.61,270.43,268.47,268.6,3138.92469989
1559491200,1559494799,268.77,269.43,267.52,268.28,3066.37788784
1559494800,1559498399,268.27,269.34,267.2,267.8,1700.24088036
1559498400,1559501999,267.56,267.78,266.56,267.44,2141.92359373
1559502000,1559505599,267.45,267.77,266.12,267.67,1845.06000449
1559505600,1559509199,267.75,269.38,267.74,267.96,2309.06932214
1559509200,1559512799,268.0,269.02,266.8,268.11,2189.1693344
1559512800,1559516399,268.0,269.66,266.77,269.26,2939.72549828
1559516400,1559519999,269.25,271.15,268.91,269.23,2692.91543243
1559520000,1559523599,269.24,269.49,265.72,266.08,5572.58142196
1559523600,1559527199,266.07,268.03,264.0,267.22,7655.95740027
1559527200,1559530799,267.21,269.45,265.0,268.16,6651.59229301
1559530800,1559534399,268.17,270.3,267.51,269.29,4278.18427359
1559534400,1559537999,269.28,269.47,267.59,268.8,1366.95974041
1559538000,1559541599,268.8,268.8,265.31,266.37,2705.01927741
1559541600,1559545199,266.18,267.16,262.26,263.63,5091.20837548
1559545200,1559548799,263.63,263.63,256.25,261.41,11538.32776442
1559548800,1559552399,261.54,262.83,260.32,260.45,2506.95743719
1559552400,1559555999,260.24,262.06,259.36,261.33,2228.2637965
1559556000,1559559599,261.3,263.89,261.06,263.55,2854.24007431
1559559600,1559563199,263.55,263.64,261.81,262.23,1661.8410574
1559563200,1559566799,262.25,264.15,261.13,262.81,5999.06191533
1559566800,1559570399,262.81,262.99,260.1,260.11,4290.91009434
1559570400,1559573999,260.11,261.43,254.7,257.68,13060.90975669
1559574000,1559577599,257.68,259.7,255.22,259.5,9550.90864631
1559577600,1559581199,259.51,261.68,257.93,261.29,5819.84700227
1559581200,1559584799,261.14,261.63,258.62,258.93,3869.69489968
1559584800,1559588399,258.87,261.6,258.87,261.29,3238.02528225
1559588400,1559591999,261.2,261.9,260.1,261.24,2891.09676619
1559592000,1559595599,261.29,261.65,260.18,260.94,3081.10219521
1559595600,1559599199,261.02,261.65,257.68,258.91,3471.72367907
1559599200,1559602799,258.66,259.38,256.0,257.94,5258.85069681
1559602800,1559606399,257.94,258.01,246.6,249.55,41367.9386358
1559606400,1559609999,249.4,249.4,237.0,246.49,53102.56597979
1559610000,1559613599,246.5,249.43,246.13,247.61,11386.2095889
1559613600,1559617199,247.59,249.34,246.54,249.01,5322.03427479
1559617200,1559620799,249.05,249.07,243.29,243.6,6823.95196111
1559620800,1559624399,243.59,248.49,242.7,247.35,10138.63419352
1559624400,1559627999,247.53,248.36,244.95,245.5,2638.9947482
1559628000,1559631599,245.73,245.93,242.34,244.25,7130.9859973
1559631600,1559635199,244.3,244.83,241.7,244.58,4844.387219
1559635200,1559638799,244.78,246.89,244.76,245.69,2407.59403154
1559638800,1559642399,245.7,247.74,244.64,246.61,2321.70913519
1559642400,1559645999,246.61,248.09,245.47,246.77,2265.84641286
1559646000,1559649599,246.72,247.21,244.37,245.15,2238.31624065
1559649600,1559653199,245.09,247.74,241.97,247.13,7536.82014306
1559653200,1559656799,247.09,250.99,246.65,250.21,4912.66351336
1559656800,1559660399,250.17,250.71,248.47,248.82,4048.25677579
1559660400,1559663999,248.83,250.48,247.94,248.66,5336.93558377
1559664000,1559667599,248.72,249.84,246.97,247.65,4979.85091248
1559667600,1559671199,247.7,248.5,236.46,239.17,28693.45517932
1559671200,1559674799,239.22,243.52,239.08,239.87,13032.07326682
1559674800,1559678399,239.79,241.38,233.21,236.39,24929.73145034
1559678400,1559681999,236.34,240.0,235.17,239.65,8741.00803526
1559682000,1559685599,239.64,240.35,233.99,234.0,8650.01209176
1559685600,1559689199,233.96,239.94,233.0,239.14,11972.38218397
1559689200,1559692799,239.15,241.0,237.74,240.93,4412.87128464
1559692800,1559696399,240.95,243.28,240.48,240.49,10970.25188459
1559696400,1559699999,240.62,242.31,239.84,240.54,3228.95702038
1559700000,1559703599,240.68,243.73,240.54,242.75,7785.95829841
1559703600,1559707199,242.68,243.03,241.57,242.09,3326.38505162
1559707200,1559710799,242.05,242.5,241.26,242.5,3513.97322037
1559710800,1559714399,242.46,243.39,241.95,242.18,3082.06638879
1559714400,1559717999,242.23,242.79,241.16,242.41,3480.50590702
1559718000,1559721599,242.48,247.53,241.94,245.77,5990.47175806
1559721600,1559725199,245.7,246.57,244.36,246.0,1265.90635997
1559725200,1559728799,246.0,246.87,244.59,246.1,2005.958503
1559728800,1559732399,246.23,248.0,245.67,247.51,4465.65257543
1559732400,1559735999,246.9,247.58,244.1,245.15,4423.19545545
1559736000,1559739599,245.2,246.1,243.51,243.66,4595.73841831
1559739600,1559743199,243.65,244.29,242.57,243.21,2374.71073111
1559743200,1559746799,243.36,244.04,238.4,241.07,8768.71288802
1559746800,1559750399,241.31,241.98,237.55,239.27,8156.02455232
1559750400,1559753999,239.27,245.76,238.99,245.2,8090.65399171
1559754000,1559757599,245.02,247.52,243.2,246.04,7644.67154142
1559757600,1559761199,246.06,246.31,244.06,245.48,4345.73639213
1559761200,1559764799,245.48,248.4,244.9,245.03,10499.88257413
1559764800,1559768399,245.03,249.0,242.0,244.38,14678.3424512
1559768400,1559771999,244.32,245.67,241.53,245.15,4794.74767272
1559772000,1559775599,245.22,247.89,244.14,246.22,7370.21455859
1559775600,1559779199,246.21,247.3,245.43,246.32,5558.41264197
1559779200,1559782799,246.28,247.25,244.61,245.24,2741.32647515
1559782800,1559786399,245.24,247.61,244.77,247.09,3005.46581166
1559786400,1559789999,246.99,247.38,245.7,247.22,2864.61893986
1559790000,1559793599,247.1,247.72,246.72,247.1,1677.42816447
1559793600,1559797199,247.16,247.19,244.6,245.91,2101.49487542
1559797200,1559800799,246.09,246.4,244.6,245.37,1928.05608852
1559800800,1559804399,245.49,246.11,245.0,246.07,1285.82059089
1559804400,1559807999,246.07,246.6,243.74,244.04,3558.86036982
1559808000,1559811599,243.81,245.79,242.11,245.77,3755.45338486
1559811600,1559815199,245.6,246.6,244.36,244.49,1238.44755258
1559815200,1559818799,244.38,245.65,244.25,245.17,1530.70320489
1559818800,1559822399,245.43,247.31,245.31,246.79,2246.49298964
1559822400,1559825999,246.63,247.1,242.54,244.61,7881.78668606
1559826000,1559829599,244.62,244.64,241.25,244.09,7890.58775414
1559829600,1559833199,244.1,244.14,241.3,243.4,5092.51931627
1559833200,1559836799,243.29,243.74,241.95,243.25,4022.93149249
1559836800,1559840399,243.25,243.98,242.48,243.12,3785.96168694
1559840400,1559843999,243.17,243.35,241.03,241.43,3352.94106279
1559844000,1559847599,241.42,241.73,235.32,238.44,26189.70491731
1559847600,1559851199,238.46,238.96,237.34,238.41,8769.64444912
1559851200,1559854799,238.35,242.05,237.71,241.2,8845.97079843
1559854800,1559858399,241.2,243.5,240.96,242.82,4603.19031524
1559858400,1559861999,242.86,243.95,242.46,243.58,3087.39165345
1559862000,1559865599,243.65,251.29,243.65,249.4,16363.51247012
1559865600,1559869199,249.54,252.0,246.78,247.39,11856.69541209
1559869200,1559872799,247.4,248.19,247.1,247.38,1268.18604966
1559872800,1559876399,247.12,248.51,246.48,246.92,3703.58872381
1559876400,1559879999,246.87,248.75,244.84,246.84,5487.22719618
1559880000,1559883599,246.73,247.74,244.99,246.38,4142.92172141
1559883600,1559887199,246.17,247.48,245.91,246.85,1763.90224403
1559887200,1559890799,246.85,250.11,246.84,249.18,7675.62493743
1559890800,1559894399,249.18,250.24,247.87,248.19,5205.77637884
1559894400,1559897999,248.39,250.42,248.35,249.09,2386.1875268
1559898000,1559901599,249.09,249.68,247.83,248.48,2561.7909207
1559901600,1559905199,248.47,249.61,248.13,248.82,2129.79367062
1559905200,1559908799,248.82,249.24,247.51,247.7,1640.71239674
1559908800,1559912399,247.7,248.69,246.88,247.25,2326.70868443
1559912400,1559915999,247.42,249.65,246.23,249.31,4080.22807286
1559916000,1559919599,249.31,249.49,248.3,248.5,3805.19191188
1559919600,1559923199,248.62,249.77,248.26,249.22,5534.43442793
1559923200,1559926799,249.13,254.4,248.7,252.57,14919.29822587
1559926800,1559930399,252.6,253.8,252.51,253.41,5373.96477758
1559930400,1559933999,253.45,254.0,252.7,253.15,5396.82802232
1559934000,1559937599,253.15,253.54,248.53,248.53,9944.83484318
1559937600,1559941199,248.54,250.16,247.5,247.91,7828.48445068
1559941200,1559944799,247.92,249.67,247.0,249.02,3543.80133876
1559944800,1559948399,249.02,251.64,248.29,250.86,3022.34426249
1559948400,1559951999,250.86,252.59,248.64,249.49,5203.61665345
1559952000,1559955599,249.47,251.17,249.04,250.93,1727.65102807
1559955600,1559959199,250.93,250.98,248.65,249.0,1878.12796093
1559959200,1559962799,249.1,249.1,247.84,248.76,2012.95119745
1559962800,1559966399,248.75,249.21,247.19,247.57,1287.87586634
1559966400,1559969999,247.64,249.21,247.54,248.89,1026.59951227
1559970000,1559973599,248.92,249.58,247.63,247.98,1649.14438668
1559973600,1559977199,247.99,248.53,247.0,247.31,1545.83605532
1559977200,1559980799,247.27,248.16,246.18,247.91,1460.80465746
1559980800,1559984399,247.87,249.17,247.61,248.98,503.07046986
1559984400,1559987999,249.05,250.59,248.4,250.06,1317.81414765
1559988000,1559991599,250.06,250.56,248.67,248.89,964.99150892
1559991600,1559995199,248.77,249.68,248.6,249.55,643.94745928
1559995200,1559998799,249.53,249.55,247.27,248.05,1762.04105153
1559998800,1560002399,248.13,248.49,247.36,248.07,1436.44256481
1560002400,1560005999,248.05,248.43,246.65,247.03,1850.56787807
1560006000,1560009599,247.01,247.66,245.0,246.86,4450.83497859
1560009600,1560013199,246.65,246.66,242.33,243.53,5856.73351846
1560013200,1560016799,243.43,243.85,241.52,243.32,6553.65233193
1560016800,1560020399,243.29,243.85,242.11,242.52,3416.81558755
1560020400,1560023999,242.51,243.18,241.82,242.75,4117.543671
1560024000,1560027599,242.64,243.94,242.61,243.89,2324.59202116
1560027600,1560031199,243.89,244.6,243.41,243.62,2668.44324315
1560031200,1560034799,243.62,245.23,243.62,245.19,1448.82043162
1560034800,1560038399,245.19,245.61,243.89,244.3,1630.72393455
1560038400,1560041999,244.3,244.9,241.0,241.63,4024.34964278
1560042000,1560045599,241.63,242.63,241.05,241.86,4087.93779888
1560045600,1560049199,241.89,242.13,239.09,239.91,4570.42109761
1560049200,1560052799,240.01,242.08,240.0,241.91,4840.33260831
1560052800,1560056399,241.88,242.33,241.13,242.3,1060.68161684
1560056400,1560059999,242.32,242.92,242.1,242.25,2074.96730316
1560060000,1560063599,242.26,242.38,241.2,242.3,578.80950399
1560063600,1560067199,242.23,244.89,241.47,244.47,2121.73418128
1560067200,1560070799,244.55,244.97,243.6,244.07,1115.81174997
1560070800,1560074399,244.2,244.2,243.17,243.61,505.13015699
1560074400,1560077999,243.79,244.13,243.19,243.37,567.5405181
1560078000,1560081599,243.43,243.86,242.81,243.28,751.65983619
1560081600,1560085199,243.27,243.28,238.05,239.47,8584.95110535
1560085200,1560088799,239.37,240.43,235.95,238.13,6104.70773491
1560088800,1560092399,238.08,238.7,235.95,238.5,6504.14491077
1560092400,1560095999,238.52,238.6,236.4,236.73,3051.78165177
1560096000,1560099599,236.76,236.84,228.86,231.72,26238.77880815
1560099600,1560103199,231.85,232.82,229.61,231.34,9094.61412606
1560103200,1560106799,231.37,233.56,230.82,232.51,3683.28039556
1560106800,1560110399,232.38,234.5,232.23,234.19,4907.95364744
1560110400,1560113999,234.21,234.29,230.94,231.4,5875.22006398
1560114000,1560117599,231.46,233.26,230.22,230.5,5811.10069479
1560117600,1560121199,230.5,230.61,226.56,229.4,13484.86128037
1560121200,1560124799,229.36,232.54,228.25,231.3,7372.4803262
1560124800,1560128399,231.36,234.18,227.52,233.47,8940.49880488
1560128400,1560131999,233.66,235.69,232.6,233.19,4483.93353123
1560132000,1560135599,233.2,234.84,232.48,233.68,2917.00169336
1560135600,1560139199,233.68,235.28,233.53,234.56,2364.24825903
1560139200,1560142799,234.53,234.79,232.76,234.15,2422.01519092
1560142800,1560146399,234.24,234.29,232.9,233.36,2489.88962357
1560146400,1560149999,233.27,236.62,233.26,235.63,3156.33623959
1560150000,1560153599,235.72,237.75,235.58,236.78,2208.81737539
1560153600,1560157199,236.98,238.0,236.67,236.81,1225.55007942
1560157200,1560160799,236.81,237.38,235.45,235.88,2092.37206075
1560160800,1560164399,235.94,236.1,233.32,234.01,3808.85919426
1560164400,1560167999,233.89,244.79,233.47,243.02,15717.25350705
1560168000,1560171599,242.94,246.98,242.88,244.01,9780.88090237
1560171600,1560175199,243.9,244.23,241.71,242.86,6130.80275888
1560175200,1560178799,242.94,244.67,242.44,243.51,5286.57383897
1560178800,1560182399,243.57,243.63,241.5,243.53,3117.50559254
1560182400,1560185999,243.5,246.6,242.94,244.34,8440.89998611
1560186000,1560189599,244.34,245.7,242.59,243.17,6150.40366344
1560189600,1560193199,243.2,245.52,242.62,244.64,3814.45201276
1560193200,1560196799,244.64,246.0,243.5,245.04,4748.51964357
1560196800,1560200399,245.06,246.4,242.89,244.1,6849.37286151
1560200400,1560203999,244.07,245.28,242.53,244.37,3602.25281996
1560204000,1560207599,244.34,245.06,243.25,243.6,3798.69635054
1560207600,1560211199,243.58,248.16,243.4,247.84,11045.3894676
1560211200,1560214799,247.75,249.38,245.83,247.24,7652.97502617
1560214800,1560218399,247.34,247.42,245.26,246.23,2668.27117751
1560218400,1560221999,246.26,246.52,244.89,245.11,1680.84664364
1560222000,1560225599,245.24,245.43,244.26,245.3,3052.24337428
1560225600,1560229199,245.3,245.73,244.52,245.11,1667.14876883
1560229200,1560232799,245.07,245.88,244.81,245.83,1555.44086535
1560232800,1560236399,245.82,245.82,244.07,245.05,2127.42938683
1560236400,1560239999,245.1,247.21,244.61,246.25,1699.84754243
1560240000,1560243599,246.33,247.13,245.49,246.9,1170.40383694
1560243600,1560247199,246.97,247.07,245.5,245.55,1254.014439
1560247200,1560250799,245.55,245.74,240.76,242.48,10118.83380655
1560250800,1560254399,242.48,243.0,238.33,240.48,9497.01260816
1560254400,1560257999,240.49,241.22,238.82,240.32,3164.39091714
1560258000,1560261599,240.32,242.19,240.01,241.05,3790.82237538
1560261600,1560265199,240.96,242.42,238.9,240.0,4717.52114115
1560265200,1560268799,240.01,240.68,239.05,239.92,5411.16009715
1560268800,1560272399,239.91,244.85,237.33,243.11,11068.31247688
1560272400,1560275999,243.12,243.76,242.19,242.94,4832.48720693
1560276000,1560279599,242.94,244.2,241.77,242.69,4896.59657926
1560279600,1560283199,242.68,244.1,242.29,243.72,3012.40891596
1560283200,1560286799,243.74,246.0,242.9,244.32,7199.89405024
1560286800,1560290399,244.33,248.04,244.29,246.37,6720.57088767
1560290400,1560293999,246.42,247.13,245.5,245.8,3821.97236891
1560294000,1560297599,245.81,246.91,244.61,245.11,2413.34251806
1560297600,1560301199,245.16,245.8,243.01,243.52,3651.51514824
1560301200,1560304799,243.55,245.37,243.48,244.59,2177.66183326
1560304800,1560308399,244.59,248.84,244.45,248.5,8012.45415252
1560308400,1560311999,248.5,251.37,247.34,248.83,11337.32902022
1560312000,1560315599,248.69,249.94,248.22,248.85,2505.38411977
1560315600,1560319199,248.93,249.14,247.34,248.34,2947.05924659
1560319200,1560322799,248.32,248.63,247.26,247.75,2917.82971452
1560322800,1560326399,247.7,248.87,247.31,248.61,1858.84948999
1560326400,1560329999,248.39,248.7,247.17,248.27,1320.96315531
1560330000,1560333599,248.28,248.28,246.0,247.38,9098.12478615
1560333600,1560337199,247.46,249.97,247.39,248.73,4723.16084264
1560337200,1560340799,248.73,249.9,248.16,248.83,2193.0094984
1560340800,1560344399,248.93,251.8,248.81,249.6,6418.05128126
1560344400,1560347999,249.59,250.22,248.76,249.35,2545.38608335
1560348000,1560351599,249.34,250.36,247.42,249.49,4611.37995103
1560351600,1560355199,249.48,257.0,249.48,255.15,24095.73016688
1560355200,1560358799,255.11,260.5,254.46,258.53,15230.4875668
1560358800,1560362399,258.63,260.12,255.56,257.65,13035.10673364
1560362400,1560365999,257.68,259.1,256.69,257.43,5132.71778416
1560366000,1560369599,257.33,258.72,256.87,257.57,5505.12734797
1560369600,1560373199,257.57,257.59,253.71,255.94,11921.28745174
1560373200,1560376799,255.9,258.37,255.9,257.68,4450.34655996
1560376800,1560380399,257.57,258.12,255.3,257.4,4556.12260605
1560380400,1560383999,257.44,263.81,256.2,262.92,13505.53525918
1560384000,1560387599,262.89,264.75,261.32,262.26,11874.91844391
1560387600,1560391199,262.15,262.86,260.0,260.27,5404.75469115
1560391200,1560394799,260.27,261.74,258.5,258.75,8119.27509402
1560394800,1560398399,258.74,260.51,258.3,259.62,2816.46203923
1560398400,1560401999,259.58,260.74,258.5,259.99,3502.14892347
1560402000,1560405599,259.99,260.37,259.37,260.21,1736.63807274
1560405600,1560409199,260.29,260.31,258.48,258.98,1488.68919064
1560409200,1560412799,258.9,260.59,258.79,260.04,1080.7737922
1560412800,1560416399,260.04,260.29,258.75,259.85,1877.12521891
1560416400,1560419999,259.73,259.73,257.35,258.03,3333.53148617
1560420000,1560423599,258.03,258.03,255.98,257.31,4912.46822945
1560423600,1560427199,257.3,258.11,256.94,257.62,3751.61594711
1560427200,1560430799,257.57,259.78,256.24,258.6,5725.27604687
1560430800,1560434399,258.6,261.8,258.59,260.31,13244.64760962
1560434400,1560437999,260.23,261.09,259.36,260.84,3178.32292231
1560438000,1560441599,260.72,262.49,260.0,260.58,6225.05732649
1560441600,1560445199,260.39,260.54,258.78,258.98,4537.04131109
1560445200,1560448799,258.99,260.0,258.28,259.07,3490.52697464
1560448800,1560452399,259.09,262.0,258.6,261.22,9758.62713191
1560452400,1560455999,261.35,261.99,258.25,259.38,8224.26645789
1560456000,1560459599,259.38,260.07,258.53,258.86,2992.92055165
1560459600,1560463199,259.03,262.45,258.99,261.58,6112.32549788
1560463200,1560466799,261.52,262.0,254.2,255.75,13179.6276788
1560466800,1560470399,255.78,256.66,254.31,255.4,6295.46673619
1560470400,1560473999,255.29,257.28,255.22,255.26,5429.98203233
1560474000,1560477599,255.26,255.63,252.42,254.04,6943.38900154
1560477600,1560481199,254.11,255.16,253.72,253.9,3160.0089905
1560481200,1560484799,253.88,255.04,253.76,253.85,1869.82375896
1560484800,1560488399,253.77,255.12,252.99,255.12,2784.10875809
1560488400,1560491999,255.08,256.19,254.14,255.41,2409.51664629
1560492000,1560495599,255.31,255.45,254.17,255.36,1352.83513869
1560495600,1560499199,255.35,256.36,254.91,256.36,2109.14467461
1560499200,1560502799,256.4,258.0,255.52,256.08,4257.3335386
1560502800,1560506399,256.08,256.45,255.15,256.3,2566.20952416
1560506400,1560509999,256.29,256.72,255.36,256.17,3069.79219096
1560510000,1560513599,256.17,256.17,254.36,254.7,3919.65337517
1560513600,1560517199,254.71,256.7,253.99,256.47,6121.33498188
1560517200,1560520799,256.48,258.77,255.77,257.28,15238.1209523
1560520800,1560524399,257.23,258.4,256.23,257.21,5042.38498849
1560524400,1560527999,257.22,258.24,256.24,256.61,6828.2769978
1560528000,1560531599,256.62,258.29,255.19,255.19,5967.48799843
1560531600,1560535199,255.2,255.97,255.05,255.59,5360.12375761
1560535200,1560538799,255.59,256.7,255.59,256.12,4727.21127601
1560538800,1560542399,256.06,256.71,255.14,255.57,5128.7302316
1560542400,1560545999,255.58,258.14,255.5,257.62,5535.60884769
1560546000,1560549599,257.61,263.95,257.53,262.87,14324.13834078
1560549600,1560553199,262.88,264.95,261.81,264.21,7584.28380652
1560553200,1560556799,264.2,266.21,263.56,263.8,8978.36651447
1560556800,1560560399,263.83,264.8,261.81,264.0,6355.49176014
1560560400,1560563999,263.96,266.99,263.41,266.07,5856.63175927
1560564000,1560567599,266.07,267.71,265.2,265.92,7218.5115072
1560567600,1560571199,265.91,266.45,264.63,265.03,2867.28254718
1560571200,1560574799,265.03,266.0,264.51,265.29,2578.0711185
1560574800,1560578399,265.4,266.46,265.25,265.97,2517.03229129
1560578400,1560581999,265.97,266.84,263.69,263.98,5584.98081471
1560582000,1560585599,264.13,264.79,263.4,264.65,3016.08694444
1560585600,1560589199,264.74,264.88,264.13,264.26,833.46636646
1560589200,1560592799,264.26,264.47,261.57,263.38,5256.17121275
1560592800,1560596399,263.34,264.52,262.57,263.83,2363.68671879
1560596400,1560599999,263.72,264.19,263.1,263.63,1556.66534216
1560600000,1560603599,263.62,263.62,262.13,262.32,1662.49441773
1560603600,1560607199,262.31,263.89,261.68,263.89,2192.55448488
1560607200,1560610799,263.72,265.76,263.49,265.54,5078.17576049
1560610800,1560614399,265.5,266.94,264.87,265.71,5521.74931571
1560614400,1560617999,265.69,273.3,265.21,271.15,16070.42561821
1560618000,1560621599,271.19,271.74,269.07,269.72,6444.18707584
1560621600,1560625199,269.72,271.11,269.14,269.88,6128.80381789
1560625200,1560628799,269.96,270.51,269.36,269.84,3184.16074053
1560628800,1560632399,269.92,270.08,267.18,269.15,5528.54283201
1560632400,1560635999,269.14,270.31,268.5,270.08,2243.77956699
1560636000,1560639599,270.09,270.75,268.37,268.65,2023.44779983
1560639600,1560643199,268.71,270.27,268.2,269.29,2642.60651498
1560643200,1560646799,269.26,269.3,267.02,267.65,1762.84718388
1560646800,1560650399,267.65,272.0,267.14,270.46,7072.61233458
1560650400,1560653999,270.36,273.49,270.36,271.61,5384.39404765
1560654000,1560657599,271.66,272.25,270.64,271.79,3978.71456429
1560657600,1560661199,271.79,274.67,271.15,273.69,4501.05689475
1560661200,1560664799,273.7,276.89,273.33,276.29,10627.50948606
1560664800,1560668399,276.29,277.3,274.11,276.42,7999.81219933
1560668400,1560671999,276.42,277.26,275.01,276.98,3059.58018223
1560672000,1560675599,276.97,278.83,267.1,269.5,11708.24840035
1560675600,1560679199,269.5,271.75,267.09,269.43,4730.61592011
1560679200,1560682799,269.44,270.53,267.64,269.11,1659.7526934
1560682800,1560686399,269.02,270.93,268.01,270.78,2078.91465504
1560686400,1560689999,270.8,271.45,269.07,270.38,3248.93826908
1560690000,1560693599,270.38,274.0,269.5,273.66,4810.61407852
1560693600,1560697199,273.54,274.46,271.3,272.7,6424.79997839
1560697200,1560700799,272.72,273.25,270.2,273.07,4458.88900277
1560700800,1560704399,272.95,273.46,270.74,272.61,4899.4921511
1560704400,1560707999,272.62,273.17,268.37,269.29,7546.65930313
1560708000,1560711599,269.3,270.51,268.1,269.03,3918.08667699
1560711600,1560715199,269.02,269.14,263.02,265.65,13483.9215904
1560715200,1560718799,265.69,267.39,263.68,266.23,6532.77801262
1560718800,1560722399,266.23,268.97,265.75,268.96,3696.49225808
1560722400,1560725999,268.92,271.63,267.93,271.04,2907.63354652
1560726000,1560729599,270.9,271.47,268.26,268.33,3275.48633495
1560729600,1560733199,268.35,273.64,268.35,273.26,8768.14084181
1560733200,1560736799,273.26,274.05,271.47,271.47,5463.12197285
1560736800,1560740399,271.47,272.76,268.87,269.0,3620.84256851
1560740400,1560743999,269.0,270.65,269.0,270.27,1503.52016497
1560744000,1560747599,270.23,271.08,268.5,268.51,3749.9658902
1560747600,1560751199,268.44,268.62,267.69,268.14,1953.89058478
1560751200,1560754799,268.23,269.69,267.77,269.43,1337.52151998
1560754800,1560758399,269.44,270.52,268.82,269.43,1379.65857395
1560758400,1560761999,269.44,272.25,269.43,272.06,2001.59087599
1560762000,1560765599,272.05,272.42,270.77,271.28,2584.01971778
1560765600,1560769199,271.27,274.1,270.02,272.74,2543.94112889
1560769200,1560772799,272.74,273.9,270.73,272.39,3531.85979986
1560772800,1560776399,272.5,275.0,271.0,272.52,5940.35671828
1560776400,1560779999,272.53,273.77,271.23,272.57,3472.47010435
1560780000,1560783599,272.55,275.93,272.31,274.97,4904.31029685
1560783600,1560787199,274.98,275.04,268.29,269.6,11319.77623152
1560787200,1560790799,269.6,271.78,269.33,271.48,4666.2569261
1560790800,1560794399,271.52,272.67,271.2,272.16,2302.66965741
1560794400,1560797999,272.11,273.63,271.62,272.62,3755.5914399
1560798000,1560801599,272.61,274.0,271.22,272.51,5516.15637842
1560801600,1560805199,272.67,273.65,270.56,272.54,7742.13318513
1560805200,1560808799,272.51,273.16,271.3,272.92,4085.89570483
1560808800,1560812399,272.92,274.48,272.2,274.0,5709.27480062
1560812400,1560815999,274.0,275.8,272.42,273.97,12193.68412361
1560816000,1560819599,273.9,274.24,271.25,271.99,5061.76468626
1560819600,1560823199,271.99,272.15,270.51,271.47,5828.16111899
1560823200,1560826799,271.46,271.48,269.66,270.18,4232.11301154
1560826800,1560830399,270.18,271.1,269.6,270.93,3003.33096087
1560830400,1560833999,270.97,271.81,270.43,270.53,2351.13250582
1560834000,1560837599,270.51,270.51,266.84,268.43,6256.29747297
1560837600,1560841199,268.51,269.76,267.32,268.63,2616.24952118
1560841200,1560844799,268.6,268.82,265.5,267.88,4665.49767663
1560844800,1560848399,267.97,270.24,267.11,270.14,2728.89144636
1560848400,1560851999,270.13,270.37,268.72,269.58,2819.8824333
1560852000,1560855599,269.57,269.96,268.05,268.5,3339.51377253
1560855600,1560859199,268.5,269.0,266.25,266.98,4387.94405573
1560859200,1560862799,267.08,268.19,265.13,267.39,7024.83904302
1560862800,1560866399,267.41,268.98,266.88,268.21,4233.69644472
1560866400,1560869999,268.32,268.43,266.0,266.24,5702.35455859
1560870000,1560873599,266.28,267.51,263.33,266.76,11709.86685271
1560873600,1560877199,266.72,266.91,263.26,264.14,6477.64658338
1560877200,1560880799,264.11,265.21,261.0,264.52,10821.36995821
1560880800,1560884399,264.61,265,263.18,264.91,5416.85414066
1560884400,1560887999,264.97,266,263.58,264.17,5468.43569844
1560888000,1560891599,264.18,264.93,263.19,263.7,3778.33503183
1560891600,1560895199,263.69,263.91,261.11,261.59,4941.95883995
1560895200,1560898799,261.79,262.95,261.0,262.89,6224.19965779
1560898800,1560902399,262.88,264.74,261.74,264.37,4510.86496904
1560902400,1560905999,264.27,265.99,263.36,265.87,3619.6258919
1560906000,1560909599,265.82,267.35,265.23,265.4,4472.04007449
1560909600,1560913199,265.35,266.15,265.1,265.92,2652.53024702
1560913200,1560916799,265.99,266.64,265.59,265.65,1863.44226087
